s,kW/m2,kg/m2/s,kW/m2,C,kW/m2,kW/m3,kW/m3,kW/m2,C
Time,"U","burn","con","gas","gauge","hrrpuv","qr","rad","temp"
 0.0000000E+000, 1.6750494E+000, 0.0000000E+000, 0.0000000E+000, 2.0000000E+001,-1.6467159E-006, 0.0000000E+000,-1.5062906E-006,-1.4820024E-006, 2.0000000E+001
 2.0612660E-001, 1.6750631E+000, 1.4466384E-020, 1.4526139E-006, 2.0002845E+001, 1.4363219E-006, 0.0000000E+000,-7.0802954E-006,-3.2414065E-008, 2.0000006E+001
 4.1225320E-001, 1.6750915E+000, 2.8932768E-020, 5.7568757E-005, 2.0082632E+001, 6.3349753E-005, 0.0000000E+000,-2.0225040E-004, 4.3594669E-006, 2.0000248E+001
 6.1837980E-001, 1.6752574E+000, 2.8932779E-020, 7.4749421E-004, 2.0639482E+001, 7.8900524E-004, 0.0000000E+000,-1.5730852E-003, 2.4189550E-005, 2.0003213E+001
 8.2450640E-001, 1.6754233E+000, 2.8932936E-020, 5.3955190E-003, 2.2991986E+001, 5.5180035E-003, 0.0000000E+000,-7.5185550E-003,-8.9755715E-006, 2.0024063E+001
 1.0306330E+000, 1.6766453E+000, 2.8934127E-020, 2.5907366E-002, 3.0130771E+001, 2.6596640E-002, 0.0000000E+000,-2.6421363E-002,-9.7403286E-005, 2.0121020E+001
 1.2367596E+000, 1.6785584E+000, 2.8940231E-020, 8.4463053E-002, 4.5650048E+001, 8.6789095E-002, 0.0000000E+000,-6.8007375E-002,-8.1426651E-004, 2.0420755E+001
 1.4428862E+000, 1.6804716E+000, 2.8962215E-020, 1.8112131E-001, 6.6224507E+001, 1.8670151E-001, 0.0000000E+000,-1.2978557E-001,-2.8009364E-003, 2.1007728E+001
 1.6490128E+000, 1.6859985E+000, 2.9017830E-020, 2.4808607E-001, 7.5672437E+001, 2.5803676E-001, 0.0000000E+000,-1.6296336E-001,-5.1535960E-003, 2.1669986E+001
 1.8551394E+000, 1.6896292E+000, 2.9113723E-020, 2.3921370E-001, 7.1028991E+001, 2.5157735E-001, 0.0000000E+000,-1.4559348E-001,-7.5284014E-003, 2.2091336E+001
 2.0393466E+000, 1.6932599E+000, 2.9221108E-020, 2.0123897E-001, 6.3700848E+001, 2.1448133E-001, 0.0000000E+000,-1.1960552E-001,-8.5305250E-003, 2.2240915E+001
 2.2610674E+000, 1.7002742E+000, 2.9337759E-020, 1.8025934E-001, 6.2747000E+001, 1.9460215E-001, 0.0000000E+000,-1.1571802E-001,-8.3896456E-003, 2.2326728E+001
 2.4500751E+000, 1.7071802E+000, 2.9451458E-020, 2.0455895E-001, 6.7537791E+001, 2.2128927E-001, 0.0000000E+000,-1.3143809E-001,-8.5385381E-003, 2.2571461E+001
 2.6390828E+000, 1.7121037E+000, 2.9536214E-020, 2.1900018E-001, 7.0328363E+001, 2.3754065E-001, 0.0000000E+000,-1.4082310E-001,-9.1836567E-003, 2.2800271E+001
 2.8280906E+000, 1.7150143E+000, 2.9655433E-020, 2.2952637E-001, 7.2186927E+001, 2.4957162E-001, 0.0000000E+000,-1.4725158E-001,-1.0575152E-002, 2.3077908E+001
 3.0170983E+000, 1.7174989E+000, 2.9759502E-020, 2.3421191E-001, 7.3089935E+001, 2.5544482E-001, 0.0000000E+000,-1.5030800E-001,-1.1570632E-002, 2.3286871E+001
 3.2061060E+000, 1.7205253E+000, 2.9896927E-020, 2.2269856E-001, 7.0879107E+001, 2.4492511E-001, 0.0000000E+000,-1.4199707E-001,-1.2452816E-002, 2.3471159E+001
 3.4581163E+000, 1.7230611E+000, 3.0029442E-020, 1.9386908E-001, 6.5466030E+001, 2.1611473E-001, 0.0000000E+000,-1.2271792E-001,-1.2756092E-002, 2.3525460E+001
 3.6471240E+000, 1.7245943E+000, 3.0146024E-020, 1.8777871E-001, 6.5713460E+001, 2.1028670E-001, 0.0000000E+000,-1.2340186E-001,-1.3013829E-002, 2.3595598E+001
 3.8361317E+000, 1.7255678E+000, 3.0259565E-020, 2.0519610E-001, 6.8918737E+001, 2.2879555E-001, 0.0000000E+000,-1.3450288E-001,-1.3811179E-002, 2.3775309E+001
 4.0251394E+000, 1.7266788E+000, 3.0362965E-020, 2.1987346E-001, 7.1689701E+001, 2.4460971E-001, 0.0000000E+000,-1.4430785E-001,-1.4729768E-002, 2.3965535E+001
 4.2141472E+000, 1.7279189E+000, 3.0510066E-020, 2.2375923E-001, 7.2191043E+001, 2.4964215E-001, 0.0000000E+000,-1.4600601E-001,-1.5833076E-002, 2.4178806E+001
 4.4031549E+000, 1.7296099E+000, 3.0634842E-020, 2.1867809E-001, 7.1148329E+001, 2.4526642E-001, 0.0000000E+000,-1.4206366E-001,-1.6443174E-002, 2.4309406E+001
 4.6551652E+000, 1.7315805E+000, 3.0804603E-020, 2.0674921E-001, 6.9233678E+001, 2.3388868E-001, 0.0000000E+000,-1.3502230E-001,-1.7035006E-002, 2.4435144E+001
 4.8504731E+000, 1.7331824E+000, 3.0968140E-020, 1.9673873E-001, 6.7741870E+001, 2.2421659E-001, 0.0000000E+000,-1.2960087E-001,-1.7506242E-002, 2.4532561E+001
 5.0583816E+000, 1.7342375E+000, 3.1082326E-020, 1.9756048E-001, 6.8425975E+001, 2.2550533E-001, 0.0000000E+000,-1.3190591E-001,-1.7915940E-002, 2.4624128E+001
 5.2662901E+000, 1.7351639E+000, 3.1241382E-020, 2.1469285E-001, 7.1721375E+001, 2.4393274E-001, 0.0000000E+000,-1.4360647E-001,-1.8793284E-002, 2.4823718E+001
 5.4048958E+000, 1.7361775E+000, 3.1367105E-020, 2.2339332E-001, 7.3207860E+001, 2.5362143E-001, 0.0000000E+000,-1.4892031E-001,-1.9575266E-002, 2.4985350E+001
 5.6128043E+000, 1.7373370E+000, 3.1504827E-020, 2.2184700E-001, 7.2687966E+001, 2.5275433E-001, 0.0000000E+000,-1.4690266E-001,-2.0266416E-002, 2.5117298E+001
 5.8207128E+000, 1.7387645E+000, 3.1706606E-020, 2.1423626E-001, 7.1568199E+001, 2.4576910E-001, 0.0000000E+000,-1.4268814E-001,-2.1005339E-002, 2.5259334E+001
 6.0286213E+000, 1.7403460E+000, 3.1864526E-020, 2.0810831E-001, 7.0490261E+001, 2.4004619E-001, 0.0000000E+000,-1.3864781E-001,-2.1413903E-002, 2.5349549E+001
 6.2365298E+000, 1.7417553E+000, 3.2056480E-020, 2.0237905E-001, 6.9755907E+001, 2.3476859E-001, 0.0000000E+000,-1.3588253E-001,-2.1882979E-002, 2.5451508E+001
 6.4513685E+000, 1.7429229E+000, 3.2208802E-020, 2.0504035E-001, 7.0980259E+001, 2.3802457E-001, 0.0000000E+000,-1.4016997E-001,-2.2322366E-002, 2.5554044E+001
 6.6038347E+000, 1.7435224E+000, 3.2362592E-020, 2.2233938E-001, 7.3982919E+001, 2.5655175E-001, 0.0000000E+000,-1.5106420E-001,-2.3071797E-002, 2.5729722E+001
 6.8325341E+000, 1.7447106E+000, 3.2556286E-020, 2.2037410E-001, 7.3100070E+001, 2.5531190E-001, 0.0000000E+000,-1.4770481E-001,-2.3934505E-002, 2.5882335E+001
 7.0612334E+000, 1.7458857E+000, 3.2759047E-020, 2.0992709E-001, 7.1691050E+001, 2.4512239E-001, 0.0000000E+000,-1.4243799E-001,-2.4484390E-002, 2.5975758E+001
 7.2136997E+000, 1.7472593E+000, 3.2951917E-020, 2.1635020E-001, 7.3636488E+001, 2.5240697E-001, 0.0000000E+000,-1.4942549E-001,-2.4995080E-002, 2.6104615E+001
 7.4423990E+000, 1.7482484E+000, 3.3154442E-020, 2.2577301E-001, 7.4824230E+001, 2.6294441E-001, 0.0000000E+000,-1.5372853E-001,-2.5774293E-002, 2.6275243E+001
 7.6710983E+000, 1.7497358E+000, 3.3374810E-020, 2.1037902E-001, 7.1542597E+001, 2.4768485E-001, 0.0000000E+000,-1.4153082E-001,-2.6311746E-002, 2.6360675E+001
 7.8235646E+000, 1.7506597E+000, 3.3585670E-020, 2.0287046E-001, 7.1204943E+001, 2.4032000E-001, 0.0000000E+000,-1.4021479E-001,-2.6625387E-002, 2.6423888E+001
 8.0522639E+000, 1.7515139E+000, 3.3782554E-020, 2.1429754E-001, 7.3456215E+001, 2.5269051E-001, 0.0000000E+000,-1.4834491E-001,-2.7191603E-002, 2.6557481E+001
 8.2047301E+000, 1.7523674E+000, 3.3968761E-020, 2.1112158E-001, 7.2157236E+001, 2.4990555E-001, 0.0000000E+000,-1.4351232E-001,-2.7739254E-002, 2.6653567E+001
 8.4334295E+000, 1.7533131E+000, 3.4161408E-020, 1.8846588E-001, 6.7723313E+001, 2.2666603E-001, 0.0000000E+000,-1.2759973E-001,-2.7955905E-002, 2.6660395E+001
 8.6529963E+000, 1.7539061E+000, 3.4392731E-020, 1.8569259E-001, 6.8628432E+001, 2.2397391E-001, 0.0000000E+000,-1.3071843E-001,-2.8080130E-002, 2.6699476E+001
 8.8542983E+000, 1.7546573E+000, 3.4568483E-020, 2.0694081E-001, 7.2867501E+001, 2.4654430E-001, 0.0000000E+000,-1.4588232E-001,-2.8631680E-002, 2.6842908E+001
 9.0556002E+000, 1.7557041E+000, 3.4812207E-020, 2.0982398E-001, 7.2473678E+001, 2.5029020E-001, 0.0000000E+000,-1.4433977E-001,-2.9494988E-002, 2.6999150E+001
 9.2703223E+000, 1.7564945E+000, 3.5023413E-020, 1.9732227E-001, 7.0420410E+001, 2.3770618E-001, 0.0000000E+000,-1.3682224E-001,-2.9897511E-002, 2.7055445E+001
 9.4179437E+000, 1.7574881E+000, 3.5219461E-020, 1.9995888E-001, 7.1846947E+001, 2.4087215E-001, 0.0000000E+000,-1.4187970E-001,-3.0188477E-002, 2.7136915E+001
 9.6393758E+000, 1.7583757E+000, 3.5434014E-020, 2.1762077E-001, 7.4793527E+001, 2.5992897E-001, 0.0000000E+000,-1.5262861E-001,-3.0838252E-002, 2.7300917E+001
 9.8608080E+000, 1.7596965E+000, 3.5680192E-020, 2.1286610E-001, 7.2924546E+001, 2.5568754E-001, 0.0000000E+000,-1.4561863E-001,-3.1499168E-002, 2.7418733E+001
 1.0008429E+001, 1.7604733E+000, 3.5934986E-020, 1.9357796E-001, 7.0202854E+001, 2.3597973E-001, 0.0000000E+000,-1.3565539E-001,-3.1805636E-002, 2.7448935E+001
 1.0221307E+001, 1.7611031E+000, 3.6149997E-020, 1.9491628E-001, 7.0940267E+001, 2.3763510E-001, 0.0000000E+000,-1.3824888E-001,-3.2004282E-002, 2.7504180E+001
 1.0417075E+001, 1.7620859E+000, 3.6363006E-020, 2.0561133E-001, 7.2896015E+001, 2.4921079E-001, 0.0000000E+000,-1.4525167E-001,-3.2445699E-002, 2.7611212E+001
 1.0612843E+001, 1.7629440E+000, 3.6631045E-020, 1.9648878E-001, 7.0750771E+001, 2.4019154E-001, 0.0000000E+000,-1.3739836E-001,-3.2962118E-002, 2.7688994E+001
 1.0821662E+001, 1.7634864E+000, 3.6840712E-020, 1.7688384E-001, 6.7250959E+001, 2.1982425E-001, 0.0000000E+000,-1.2493363E-001,-3.3030162E-002, 2.7676447E+001
 1.1037007E+001, 1.7639142E+000, 3.7063320E-020, 1.8377827E-001, 6.9336985E+001, 2.2721113E-001, 0.0000000E+000,-1.3225529E-001,-3.3170434E-002, 2.7732211E+001
 1.1252352E+001, 1.7645561E+000, 3.7257866E-020, 2.0351094E-001, 7.3118260E+001, 2.4830379E-001, 0.0000000E+000,-1.4582967E-001,-3.3757007E-002, 2.7873723E+001
 1.1467697E+001, 1.7652533E+000, 3.7561469E-020, 1.9683979E-001, 7.1013061E+001, 2.4195536E-001, 0.0000000E+000,-1.3811740E-001,-3.4515355E-002, 2.7988477E+001
 1.1611260E+001, 1.7656834E+000, 3.7777924E-020, 1.8518770E-001, 6.9190797E+001, 2.3001136E-001, 0.0000000E+000,-1.3154064E-001,-3.4712301E-002, 2.8010374E+001
 1.1826605E+001, 1.7663371E+000, 3.7970715E-020, 1.8499514E-001, 6.9622693E+001, 2.3004100E-001, 0.0000000E+000,-1.3301309E-001,-3.4847848E-002, 2.8051059E+001
 1.2041949E+001, 1.7672843E+000, 3.8239214E-020, 1.8675770E-001, 6.9831431E+001, 2.3230665E-001, 0.0000000E+000,-1.3366472E-001,-3.5180474E-002, 2.8130846E+001
 1.2257294E+001, 1.7679365E+000, 3.8462058E-020, 1.7749717E-001, 6.7661589E+001, 2.2284906E-001, 0.0000000E+000,-1.2594241E-001,-3.5407315E-002, 2.8160487E+001
 1.2400858E+001, 1.7683482E+000, 3.8672948E-020, 1.6853787E-001, 6.6775493E+001, 2.1353944E-001, 0.0000000E+000,-1.2280296E-001,-3.5507836E-002, 2.8166976E+001
 1.2616202E+001, 1.7686239E+000, 3.8862466E-020, 1.8146188E-001, 6.9545693E+001, 2.2732737E-001, 0.0000000E+000,-1.3254578E-001,-3.5771172E-002, 2.8246618E+001
 1.2831547E+001, 1.7693751E+000, 3.9075045E-020, 2.0037810E-001, 7.2773501E+001, 2.4769149E-001, 0.0000000E+000,-1.4409330E-001,-3.6390953E-002, 2.8393481E+001
 1.3046892E+001, 1.7702079E+000, 3.9405355E-020, 1.8800870E-001, 7.0058733E+001, 2.3532302E-001, 0.0000000E+000,-1.3420671E-001,-3.7025719E-002, 2.8481487E+001
 1.3262237E+001, 1.7709144E+000, 3.9658513E-020, 1.7727397E-001, 6.8490973E+001, 2.2429351E-001, 0.0000000E+000,-1.2855604E-001,-3.7126006E-002, 2.8497432E+001
 1.3405800E+001, 1.7715425E+000, 3.9878077E-020, 1.8092996E-001, 6.9664172E+001, 2.2836358E-001, 0.0000000E+000,-1.3265502E-001,-3.7283711E-002, 2.8548629E+001
 1.3621145E+001, 1.7722683E+000, 4.0104547E-020, 1.8823306E-001, 7.0700408E+001, 2.3641656E-001, 0.0000000E+000,-1.3629001E-001,-3.7669918E-002, 2.8637431E+001
 1.3850846E+001, 1.7730959E+000, 4.0356828E-020, 1.8751696E-001, 7.0631484E+001, 2.3606483E-001, 0.0000000E+000,-1.3596164E-001,-3.8065795E-002, 2.8712707E+001
 1.4008766E+001, 1.7734567E+000, 4.0616801E-020, 1.8881434E-001, 7.1317288E+001, 2.3777421E-001, 0.0000000E+000,-1.3839999E-001,-3.8468386E-002, 2.8790798E+001
 1.4219459E+001, 1.7743265E+000, 4.0900595E-020, 1.9613846E-001, 7.2417646E+001, 2.4593161E-001, 0.0000000E+000,-1.4230971E-001,-3.8937948E-002, 2.8894254E+001
 1.4430153E+001, 1.7751392E+000, 4.1183075E-020, 1.8545376E-001, 6.9677680E+001, 2.3506675E-001, 0.0000000E+000,-1.3237163E-001,-3.9257431E-002, 2.8937739E+001
 1.4640847E+001, 1.7758570E+000, 4.1497062E-020, 1.6869811E-001, 6.7568517E+001, 2.1756408E-001, 0.0000000E+000,-1.2483711E-001,-3.9259324E-002, 2.8925533E+001
 1.4851541E+001, 1.7762879E+000, 4.1704622E-020, 1.8178078E-001, 7.0704462E+001, 2.3152627E-001, 0.0000000E+000,-1.3593705E-001,-3.9451279E-002, 2.8993806E+001
 1.5062235E+001, 1.7770485E+000, 4.2005991E-020, 1.9726759E-001, 7.2787659E+001, 2.4837984E-001, 0.0000000E+000,-1.4339695E-001,-4.0130252E-002, 2.9141791E+001
 1.5202698E+001, 1.7776845E+000, 4.2260446E-020, 1.9049941E-001, 7.1298677E+001, 2.4163743E-001, 0.0000000E+000,-1.3792044E-001,-4.0522629E-002, 2.9198693E+001
 1.5413391E+001, 1.7780740E+000, 4.2511528E-020, 1.8413791E-001, 7.0415776E+001, 2.3517451E-001, 0.0000000E+000,-1.3470221E-001,-4.0746449E-002, 2.9232156E+001
 1.5624085E+001, 1.7787994E+000, 4.2840127E-020, 1.8608090E-001, 7.1167999E+001, 2.3756891E-001, 0.0000000E+000,-1.3734043E-001,-4.1031739E-002, 2.9301135E+001
 1.5834779E+001, 1.7797151E+000, 4.3105984E-020, 1.8757177E-001, 7.1156184E+001, 2.3950120E-001, 0.0000000E+000,-1.3720778E-001,-4.1327160E-002, 2.9368082E+001
 1.6059519E+001, 1.7804339E+000, 4.3452302E-020, 1.8261083E-001, 7.0500760E+001, 2.3462719E-001, 0.0000000E+000,-1.3477738E-001,-4.1635698E-002, 2.9424335E+001
 1.6214028E+001, 1.7809584E+000, 4.3692653E-020, 1.8952209E-001, 7.2183103E+001, 2.4218743E-001, 0.0000000E+000,-1.4081641E-001,-4.1923534E-002, 2.9497058E+001
 1.6413045E+001, 1.7815595E+000, 4.3962072E-020, 2.0286929E-001, 7.4739218E+001, 2.5663091E-001, 0.0000000E+000,-1.5016264E-001,-4.2416580E-002, 2.9607588E+001
 1.6612062E+001, 1.7823302E+000, 4.4362000E-020, 1.9277068E-001, 7.2061187E+001, 2.4653423E-001, 0.0000000E+000,-1.4025762E-001,-4.2985603E-002, 2.9686156E+001
 1.6830980E+001, 1.7830105E+000, 4.4662425E-020, 1.7425699E-001, 6.8831352E+001, 2.2713721E-001, 0.0000000E+000,-1.2857890E-001,-4.2973024E-002, 2.9668057E+001
 1.7049899E+001, 1.7835800E+000, 4.4982363E-020, 1.8469132E-001, 7.1841510E+001, 2.3837653E-001, 0.0000000E+000,-1.3934869E-001,-4.3091169E-002, 2.9730554E+001
 1.7268817E+001, 1.7843452E+000, 4.5263860E-020, 2.0626212E-001, 7.5591406E+001, 2.6162907E-001, 0.0000000E+000,-1.5307571E-001,-4.3704350E-002, 2.9880585E+001
 1.7414763E+001, 1.7848842E+000, 4.5628216E-020, 2.0177708E-001, 7.3875761E+001, 2.5743776E-001, 0.0000000E+000,-1.4664153E-001,-4.4370251E-002, 2.9979515E+001
 1.7633681E+001, 1.7854328E+000, 4.6004594E-020, 1.8753235E-001, 7.1796997E+001, 2.4267171E-001, 0.0000000E+000,-1.3897088E-001,-4.4600521E-002, 2.9999319E+001
 1.7852600E+001, 1.7859980E+000, 4.6328274E-020, 1.8242016E-001, 7.0976034E+001, 2.3746281E-001, 0.0000000E+000,-1.3594407E-001,-4.4682228E-002, 3.0019820E+001
 1.8071518E+001, 1.7867779E+000, 4.6695740E-020, 1.7689974E-001, 6.9963067E+001, 2.3182984E-001, 0.0000000E+000,-1.3223782E-001,-4.4783468E-002, 3.0044917E+001
 1.8217464E+001, 1.7870923E+000, 4.6940504E-020, 1.6857399E-001, 6.8211957E+001, 2.2306299E-001, 0.0000000E+000,-1.2599781E-001,-4.4824052E-002, 3.0040642E+001
 1.8436382E+001, 1.7871333E+000, 4.7162621E-020, 1.6482187E-001, 6.8117631E+001, 2.1906450E-001, 0.0000000E+000,-1.2566454E-001,-4.4847816E-002, 3.0039785E+001
 1.8669895E+001, 1.7873045E+000, 4.7463955E-020, 1.8529816E-001, 7.2448379E+001, 2.4099310E-001, 0.0000000E+000,-1.4119017E-001,-4.5250687E-002, 3.0149120E+001
 1.8821340E+001, 1.7877000E+000, 4.7728411E-020, 1.9765559E-001, 7.4472236E+001, 2.5448677E-001, 0.0000000E+000,-1.4857200E-001,-4.5842296E-002, 3.0268422E+001
 1.9034865E+001, 1.7882263E+000, 4.8079914E-020, 1.8551511E-001, 7.0838325E+001, 2.4202678E-001, 0.0000000E+000,-1.3526470E-001,-4.6264191E-002, 3.0312429E+001
 1.9248390E+001, 1.7886800E+000, 4.8492508E-020, 1.6036972E-001, 6.7154263E+001, 2.1542125E-001, 0.0000000E+000,-1.2213941E-001,-4.6144240E-002, 3.0263643E+001
 1.9461915E+001, 1.7891015E+000, 4.8720897E-020, 1.6147339E-001, 6.7706884E+001, 2.1660242E-001, 0.0000000E+000,-1.2402900E-001,-4.6006204E-002, 3.0261706E+001
 1.9604265E+001, 1.7893906E+000, 4.8936415E-020, 1.6513726E-001, 6.8279212E+001, 2.2059359E-001, 0.0000000E+000,-1.2600901E-001,-4.6090691E-002, 3.0290097E+001
 1.9817789E+001, 1.7896983E+000, 4.9175945E-020, 1.6724579E-001, 6.8711408E+001, 2.2299685E-001, 0.0000000E+000,-1.2750379E-001,-4.6311795E-002, 3.0329896E+001
 2.0045549E+001, 1.7897704E+000, 4.9434079E-020, 1.7148748E-001, 6.9817595E+001, 2.2764669E-001, 0.0000000E+000,-1.3142592E-001,-4.6632541E-002, 3.0385967E+001
 2.0253160E+001, 1.7901948E+000, 4.9790829E-020, 1.7876813E-001, 7.0936927E+001, 2.3575091E-001, 0.0000000E+000,-1.3539455E-001,-4.7074161E-002, 3.0477476E+001
 2.0460771E+001, 1.7908750E+000, 5.0100115E-020, 1.7164307E-001, 6.9230338E+001, 2.2847863E-001, 0.0000000E+000,-1.2923049E-001,-4.7284221E-002, 3.0509407E+001
 2.0668382E+001, 1.7915443E+000, 5.0449172E-020, 1.6582220E-001, 6.8610364E+001, 2.2249695E-001, 0.0000000E+000,-1.2696768E-001,-4.7340209E-002, 3.0526502E+001
 2.0806789E+001, 1.7920243E+000, 5.0669377E-020, 1.7609261E-001, 7.1197975E+001, 2.3358572E-001, 0.0000000E+000,-1.3616742E-001,-4.7525276E-002, 3.0586320E+001
 2.1014400E+001, 1.7925482E+000, 5.0915621E-020, 1.9068779E-001, 7.3628484E+001, 2.4940565E-001, 0.0000000E+000,-1.4497586E-001,-4.7970944E-002, 3.0689770E+001
 2.1222011E+001, 1.7932130E+000, 5.1361430E-020, 1.8502858E-001, 7.2047815E+001, 2.4390826E-001, 0.0000000E+000,-1.3912799E-001,-4.8550019E-002, 3.0774331E+001
 2.1429622E+001, 1.7937699E+000, 5.1718022E-020, 1.7601517E-001, 7.0565189E+001, 2.3457087E-001, 0.0000000E+000,-1.3370916E-001,-4.8677444E-002, 3.0792463E+001
 2.1637232E+001, 1.7943443E+000, 5.2103749E-020, 1.7812233E-001, 7.1416668E+001, 2.3705395E-001, 0.0000000E+000,-1.3672700E-001,-4.8836176E-002, 3.0839755E+001
 2.1858684E+001, 1.7949893E+000, 5.2419230E-020, 1.8228048E-001, 7.1850906E+001, 2.4177489E-001, 0.0000000E+000,-1.3823531E-001,-4.9125909E-002, 3.0904342E+001
 2.2010932E+001, 1.7953758E+000, 5.2764153E-020, 1.7654680E-001, 7.1022668E+001, 2.3588955E-001, 0.0000000E+000,-1.3519795E-001,-4.9376842E-002, 3.0939149E+001
 2.2239304E+001, 1.7957335E+000, 5.3118236E-020, 1.8013082E-001, 7.1880591E+001, 2.3990128E-001, 0.0000000E+000,-1.3827289E-001,-4.9618514E-002, 3.0992600E+001
 2.2467676E+001, 1.7962759E+000, 5.3479020E-020, 1.8737408E-001, 7.3010957E+001, 2.4791658E-001, 0.0000000E+000,-1.4234418E-001,-4.9997628E-002, 3.1074914E+001
 2.2619924E+001, 1.7966638E+000, 5.3879723E-020, 1.7481456E-001, 7.0154373E+001, 2.3484412E-001, 0.0000000E+000,-1.3196219E-001,-5.0263015E-002, 3.1098443E+001
 2.2848296E+001, 1.7971137E+000, 5.4236549E-020, 1.6160968E-001, 6.8393805E+001, 2.2079318E-001, 0.0000000E+000,-1.2566054E-001,-5.0140791E-002, 3.1068370E+001
 2.3000544E+001, 1.7973555E+000, 5.4483357E-020, 1.7225784E-001, 7.1007995E+001, 2.3221008E-001, 0.0000000E+000,-1.3496889E-001,-5.0218775E-002, 3.1110487E+001
 2.3228916E+001, 1.7977953E+000, 5.4750558E-020, 1.9192171E-001, 7.4755809E+001, 2.5345066E-001, 0.0000000E+000,-1.4864747E-001,-5.0659261E-002, 3.1224734E+001
 2.3457288E+001, 1.7984350E+000, 5.5287339E-020, 1.9008827E-001, 7.3478033E+001, 2.5207619E-001, 0.0000000E+000,-1.4385690E-001,-5.1387788E-002, 3.1336701E+001
 2.3600703E+001, 1.7989082E+000, 5.5679732E-020, 1.8002052E-001, 7.1745633E+001, 2.4160416E-001, 0.0000000E+000,-1.3746871E-001,-5.1554974E-002, 3.1353517E+001
 2.3802578E+001, 1.7994135E+000, 5.6029188E-020, 1.7501371E-001, 7.1017529E+001, 2.3640753E-001, 0.0000000E+000,-1.3478628E-001,-5.1589022E-002, 3.1363665E+001
 2.4004453E+001, 1.8000122E+000, 5.6427128E-020, 1.7045234E-001, 7.0251645E+001, 2.3170693E-001, 0.0000000E+000,-1.3197757E-001,-5.1616924E-002, 3.1376651E+001
 2.4219786E+001, 1.8004190E+000, 5.6724740E-020, 1.6352415E-001, 6.8792499E+001, 2.2436052E-001, 0.0000000E+000,-1.2674671E-001,-5.1618188E-002, 3.1371654E+001
 2.4441849E+001, 1.8005272E+000, 5.7062271E-020, 1.6282760E-001, 6.9123800E+001, 2.2362358E-001, 0.0000000E+000,-1.2791452E-001,-5.1659436E-002, 3.1380900E+001
 2.4678715E+001, 1.8007650E+000, 5.7346152E-020, 1.8207096E-001, 7.3625832E+001, 2.4439174E-001, 0.0000000E+000,-1.4419609E-001,-5.2010827E-002, 3.1478834E+001
 2.4830034E+001, 1.8010965E+000, 5.7721126E-020, 1.9895153E-001, 7.5336296E+001, 2.6284975E-001, 0.0000000E+000,-1.5048856E-001,-5.2725663E-002, 3.1626094E+001
 2.5039720E+001, 1.8018522E+000, 5.8236860E-020, 1.8157121E-001, 7.2255353E+001, 2.4473115E-001, 0.0000000E+000,-1.3905357E-001,-5.3074269E-002, 3.1650183E+001
 2.5249407E+001, 1.8023604E+000, 5.8643645E-020, 1.6793618E-001, 6.9868292E+001, 2.3028887E-001, 0.0000000E+000,-1.3037698E-001,-5.3013344E-002, 3.1632389E+001
 2.5459093E+001, 1.8029005E+000, 5.9029893E-020, 1.6784185E-001, 7.0288514E+001, 2.3027982E-001, 0.0000000E+000,-1.3182781E-001,-5.2970128E-002, 3.1643435E+001
 2.5668780E+001, 1.8033559E+000, 5.9327422E-020, 1.6881266E-001, 7.0257880E+001, 2.3144277E-001, 0.0000000E+000,-1.3167278E-001,-5.3092766E-002, 3.1670880E+001
 2.5808570E+001, 1.8034447E+000, 5.9640476E-020, 1.6741533E-001, 7.0273091E+001, 2.3001921E-001, 0.0000000E+000,-1.3171851E-001,-5.3264804E-002, 3.1693056E+001
 2.6018257E+001, 1.8034900E+000, 5.9951155E-020, 1.7253288E-001, 7.1266395E+001, 2.3561917E-001, 0.0000000E+000,-1.3528877E-001,-5.3493340E-002, 3.1740007E+001
 2.6227943E+001, 1.8037678E+000, 6.0285484E-020, 1.7661898E-001, 7.1886753E+001, 2.4021584E-001, 0.0000000E+000,-1.3750727E-001,-5.3787222E-002, 3.1797036E+001
 2.6437630E+001, 1.8041887E+000, 6.0738214E-020, 1.6456130E-001, 6.9290842E+001, 2.2750765E-001, 0.0000000E+000,-1.2816982E-001,-5.3958467E-002, 3.1808281E+001
 2.6647316E+001, 1.8044231E+000, 6.1049518E-020, 1.4929097E-001, 6.6690509E+001, 2.1106874E-001, 0.0000000E+000,-1.1899442E-001,-5.3758662E-002, 3.1758871E+001
 2.6857003E+001, 1.8045556E+000, 6.1320861E-020, 1.6224668E-001, 6.9715095E+001, 2.2500024E-001, 0.0000000E+000,-1.2963563E-001,-5.3751303E-002, 3.1792857E+001
 2.7066689E+001, 1.8048364E+000, 6.1585633E-020, 1.7383928E-001, 7.1586809E+001, 2.3766839E-001, 0.0000000E+000,-1.3631505E-001,-5.4140508E-002, 3.1873862E+001
 2.7206480E+001, 1.8050565E+000, 6.1939976E-020, 1.6954279E-001, 7.0557303E+001, 2.3327892E-001, 0.0000000E+000,-1.3258091E-001,-5.4473636E-002, 3.1915760E+001
 2.7416167E+001, 1.8052871E+000, 6.2292418E-020, 1.6781657E-001, 7.0502654E+001, 2.3158537E-001, 0.0000000E+000,-1.3236175E-001,-5.4630678E-002, 3.1943563E+001
 2.7625853E+001, 1.8057583E+000, 6.2623908E-020, 1.7056431E-001, 7.1095520E+001, 2.3474298E-001, 0.0000000E+000,-1.3444907E-001,-5.4788844E-002, 3.1984601E+001
 2.7835540E+001, 1.8063941E+000, 6.3054876E-020, 1.6849952E-001, 7.0526015E+001, 2.3281360E-001, 0.0000000E+000,-1.3234002E-001,-5.4984245E-002, 3.2025018E+001
 2.8059205E+001, 1.8069128E+000, 6.3402275E-020, 1.6292563E-001, 6.9603934E+001, 2.2697400E-001, 0.0000000E+000,-1.2899077E-001,-5.5031093E-002, 3.2033669E+001
 2.8212975E+001, 1.8071063E+000, 6.3718101E-020, 1.6681772E-001, 7.1075839E+001, 2.3124000E-001, 0.0000000E+000,-1.3425333E-001,-5.5148910E-002, 3.2066766E+001
 2.8419439E+001, 1.8075348E+000, 6.4075902E-020, 1.8036453E-001, 7.3127242E+001, 2.4605049E-001, 0.0000000E+000,-1.4167027E-001,-5.5541042E-002, 3.2157910E+001
 2.8625903E+001, 1.8080153E+000, 6.4488057E-020, 1.7139942E-001, 7.0526598E+001, 2.3672355E-001, 0.0000000E+000,-1.3220495E-001,-5.5827612E-002, 3.2187874E+001
 2.8839249E+001, 1.8083222E+000, 6.4947880E-020, 1.5337251E-001, 6.8017955E+001, 2.1735177E-001, 0.0000000E+000,-1.2324574E-001,-5.5691987E-002, 3.2145229E+001
 2.9066359E+001, 1.8085034E+000, 6.5201103E-020, 1.6317524E-001, 7.0691301E+001, 2.2793733E-001, 0.0000000E+000,-1.3275424E-001,-5.5694341E-002, 3.2174706E+001
 2.9217765E+001, 1.8090482E+000, 6.5504182E-020, 1.8281036E-001, 7.3778803E+001, 2.4927708E-001, 0.0000000E+000,-1.4392200E-001,-5.6090864E-002, 3.2281874E+001
 2.9444875E+001, 1.8092987E+000, 6.5959980E-020, 1.7867889E-001, 7.2583014E+001, 2.4518551E-001, 0.0000000E+000,-1.3951148E-001,-5.6580465E-002, 3.2345490E+001
 2.9656039E+001, 1.8095997E+000, 6.6426176E-020, 1.6811510E-001, 7.0534813E+001, 2.3403733E-001, 0.0000000E+000,-1.3205952E-001,-5.6739412E-002, 3.2354350E+001
 2.9859230E+001, 1.8099790E+000, 6.6894506E-020, 1.5927140E-001, 6.9177680E+001, 2.2459404E-001, 0.0000000E+000,-1.2717891E-001,-5.6687324E-002, 3.2342437E+001
 3.0001463E+001, 1.8102961E+000, 6.7150522E-020, 1.5284347E-001, 6.7826260E+001, 2.1767946E-001, 0.0000000E+000,-1.2238224E-001,-5.6578749E-002, 3.2322993E+001
 3.0224973E+001, 1.8104000E+000, 6.7368468E-020, 1.4558643E-001, 6.6399941E+001, 2.0975545E-001, 0.0000000E+000,-1.1740357E-001,-5.6446712E-002, 3.2292540E+001
 3.0448482E+001, 1.8102372E+000, 6.7632743E-020, 1.4700695E-001, 6.7209634E+001, 2.1116242E-001, 0.0000000E+000,-1.2024478E-001,-5.6357184E-002, 3.2280645E+001
 3.0604939E+001, 1.8101377E+000, 6.7821929E-020, 1.6493317E-001, 7.1167131E+001, 2.3057476E-001, 0.0000000E+000,-1.3429227E-001,-5.6638579E-002, 3.2355762E+001
 3.0850799E+001, 1.8103414E+000, 6.8105590E-020, 1.7887958E-001, 7.3184393E+001, 2.4588298E-001, 0.0000000E+000,-1.4160805E-001,-5.7142408E-002, 3.2462183E+001
 3.1014706E+001, 1.8107953E+000, 6.8602748E-020, 1.6773721E-001, 6.9973298E+001, 2.3431096E-001, 0.0000000E+000,-1.2994750E-001,-5.7588841E-002, 3.2508420E+001
 3.1260567E+001, 1.8109414E+000, 6.9052974E-020, 1.3893217E-001, 6.4941310E+001, 2.0311265E-001, 0.0000000E+000,-1.1234940E-001,-5.7297561E-002, 3.2415039E+001
 3.1424474E+001, 1.8111516E+000, 6.9262120E-020, 1.3619020E-001, 6.5509518E+001, 1.9996280E-001, 0.0000000E+000,-1.1426303E-001,-5.6898769E-002, 3.2365586E+001
 3.1670334E+001, 1.8113798E+000, 6.9392013E-020, 1.4941543E-001, 6.8057834E+001, 2.1431503E-001, 0.0000000E+000,-1.2309430E-001,-5.6860809E-002, 3.2396193E+001
 3.1834241E+001, 1.8115620E+000, 6.9632046E-020, 1.5863116E-001, 6.9599732E+001, 2.2446921E-001, 0.0000000E+000,-1.2852414E-001,-5.7162656E-002, 3.2460262E+001
 3.2080102E+001, 1.8118129E+000, 6.9995652E-020, 1.6498733E-001, 7.0610272E+001, 2.3155137E-001, 0.0000000E+000,-1.3211228E-001,-5.7586493E-002, 3.2533435E+001
 3.2232779E+001, 1.8119394E+000, 7.0348392E-020, 1.6516114E-001, 7.0626990E+001, 2.3192908E-001, 0.0000000E+000,-1.3216003E-001,-5.7888727E-002, 3.2578783E+001
 3.2444949E+001, 1.8122768E+000, 7.0724610E-020, 1.5769749E-001, 6.8512120E+001, 2.2405229E-001, 0.0000000E+000,-1.2461966E-001,-5.8004394E-002, 3.2588377E+001
 3.2657119E+001, 1.8126923E+000, 7.1117757E-020, 1.3431387E-001, 6.4383458E+001, 1.9865999E-001, 0.0000000E+000,-1.1026467E-001,-5.7681250E-002, 3.2509048E+001
 3.2869289E+001, 1.8129050E+000, 7.1275948E-020, 1.3932126E-001, 6.6593814E+001, 2.0399121E-001, 0.0000000E+000,-1.1785058E-001,-5.7425990E-002, 3.2491806E+001
 3.3010736E+001, 1.8130335E+000, 7.1419298E-020, 1.6057760E-001, 7.0428739E+001, 2.2707439E-001, 0.0000000E+000,-1.3134860E-001,-5.7666246E-002, 3.2569081E+001
 3.3222906E+001, 1.8132446E+000, 7.1733722E-020, 1.7236824E-001, 7.2128647E+001, 2.4008682E-001, 0.0000000E+000,-1.3746286E-001,-5.8238764E-002, 3.2672814E+001
 3.3435076E+001, 1.8136480E+000, 7.2162868E-020, 1.7077912E-001, 7.1624520E+001, 2.3872049E-001, 0.0000000E+000,-1.3559409E-001,-5.8653627E-002, 3.2736236E+001
 3.3647246E+001, 1.8141845E+000, 7.2705080E-020, 1.6348973E-001, 7.0397780E+001, 2.3118175E-001, 0.0000000E+000,-1.3111970E-001,-5.8841437E-002, 3.2766498E+001
 3.3873561E+001, 1.8148687E+000, 7.3090751E-020, 1.5884486E-001, 6.9571898E+001, 2.2634202E-001, 0.0000000E+000,-1.2810144E-001,-5.8824735E-002, 3.2774295E+001
 3.4029152E+001, 1.8152632E+000, 7.3436692E-020, 1.5848213E-001, 6.9840271E+001, 2.2605268E-001, 0.0000000E+000,-1.2901981E-001,-5.8854153E-002, 3.2790081E+001
 3.4262539E+001, 1.8157496E+000, 7.3801636E-020, 1.6529084E-001, 7.1117219E+001, 2.3356915E-001, 0.0000000E+000,-1.3355645E-001,-5.9061858E-002, 3.2841139E+001
 3.4418130E+001, 1.8161037E+000, 7.4160599E-020, 1.7041254E-001, 7.2139083E+001, 2.3928510E-001, 0.0000000E+000,-1.3722204E-001,-5.9350918E-002, 3.2898013E+001
 3.4651518E+001, 1.8163916E+000, 7.4566554E-020, 1.6887137E-001, 7.1412000E+001, 2.3783441E-001, 0.0000000E+000,-1.3455911E-001,-5.9607634E-002, 3.2937631E+001
 3.4807109E+001, 1.8166952E+000, 7.5040116E-020, 1.6090911E-001, 7.0081021E+001, 2.2941550E-001, 0.0000000E+000,-1.2973989E-001,-5.9732922E-002, 3.2947239E+001
 3.5040496E+001, 1.8169905E+000, 7.5446249E-020, 1.6208035E-001, 7.0698385E+001, 2.3077028E-001, 0.0000000E+000,-1.3192784E-001,-5.9791805E-002, 3.2968222E+001
 3.5273883E+001, 1.8174138E+000, 7.5841458E-020, 1.6837073E-001, 7.1799984E+001, 2.3775030E-001, 0.0000000E+000,-1.3586189E-001,-5.9996646E-002, 3.3020551E+001
 3.5429474E+001, 1.8177172E+000, 7.6289930E-020, 1.6715257E-001, 7.1272352E+001, 2.3662752E-001, 0.0000000E+000,-1.3392262E-001,-6.0239508E-002, 3.3060254E+001
 3.5662861E+001, 1.8181084E+000, 7.6743667E-020, 1.5851302E-001, 6.9694178E+001, 2.2742368E-001, 0.0000000E+000,-1.2822570E-001,-6.0299023E-002, 3.3058646E+001
 3.5818453E+001, 1.8182201E+000, 7.7085682E-020, 1.5078616E-001, 6.8146641E+001, 2.1904341E-001, 0.0000000E+000,-1.2273384E-001,-6.0242981E-002, 3.3038443E+001
 3.6051840E+001, 1.8182783E+000, 7.7361738E-020, 1.4667345E-001, 6.7704235E+001, 2.1452655E-001, 0.0000000E+000,-1.2117562E-001,-6.0136313E-002, 3.3019240E+001
 3.6207431E+001, 1.8183413E+000, 7.7625389E-020, 1.5248749E-001, 6.9191134E+001, 2.2083494E-001, 0.0000000E+000,-1.2641261E-001,-6.0136420E-002, 3.3035433E+001
 3.6440818E+001, 1.8184508E+000, 7.7933564E-020, 1.6511178E-001, 7.1501755E+001, 2.3465465E-001, 0.0000000E+000,-1.3468812E-001,-6.0462372E-002, 3.3109185E+001
 3.6674205E+001, 1.8187030E+000, 7.8357011E-020, 1.7147517E-001, 7.2353278E+001, 2.4179897E-001, 0.0000000E+000,-1.3775011E-001,-6.0911721E-002, 3.3188648E+001
 3.6829797E+001, 1.8189049E+000, 7.8865578E-020, 1.6381444E-001, 7.0355902E+001, 2.3374670E-001, 0.0000000E+000,-1.3051631E-001,-6.1192845E-002, 3.3217474E+001
 3.7063184E+001, 1.8191667E+000, 7.9308197E-020, 1.4677977E-001, 6.7559191E+001, 2.1530896E-001, 0.0000000E+000,-1.2058293E-001,-6.1031413E-002, 3.3169139E+001
 3.7234334E+001, 1.8194581E+000, 7.9573427E-020, 1.4772541E-001, 6.8212294E+001, 2.1630943E-001, 0.0000000E+000,-1.2284444E-001,-6.0861793E-002, 3.3159055E+001
 3.7405485E+001, 1.8196197E+000, 7.9779075E-020, 1.5451843E-001, 6.9694225E+001, 2.2374787E-001, 0.0000000E+000,-1.2807595E-001,-6.0907633E-002, 3.3185697E+001
 3.7662211E+001, 1.8198444E+000, 8.0085524E-020, 1.5876051E-001, 7.0242419E+001, 2.2849063E-001, 0.0000000E+000,-1.3001065E-001,-6.1117703E-002, 3.3227952E+001
 3.7813390E+001, 1.8199705E+000, 8.0511696E-020, 1.6254401E-001, 7.1011268E+001, 2.3272662E-001, 0.0000000E+000,-1.3276004E-001,-6.1400146E-002, 3.3277420E+001
 3.8040160E+001, 1.8201338E+000, 8.0946720E-020, 1.6361577E-001, 7.1130989E+001, 2.3404791E-001, 0.0000000E+000,-1.3317599E-001,-6.1671464E-002, 3.3320164E+001
 3.8266929E+001, 1.8204598E+000, 8.1381340E-020, 1.5629385E-001, 6.9048818E+001, 2.2627022E-001, 0.0000000E+000,-1.2571622E-001,-6.1774957E-002, 3.3327982E+001
 3.8418109E+001, 1.8207381E+000, 8.1769131E-020, 1.3548044E-001, 6.5328495E+001, 2.0362358E-001, 0.0000000E+000,-1.1270639E-001,-6.1557422E-002, 3.3262173E+001
 3.8644879E+001, 1.8207602E+000, 8.1974257E-020, 1.3890003E-001, 6.6745241E+001, 2.0721148E-001, 0.0000000E+000,-1.1760455E-001,-6.1292395E-002, 3.3239071E+001
 3.8856353E+001, 1.8208728E+000, 8.2144575E-020, 1.5759697E-001, 7.0803144E+001, 2.2757211E-001, 0.0000000E+000,-1.3193214E-001,-6.1482654E-002, 3.3304494E+001
 3.9060181E+001, 1.8210182E+000, 8.2572132E-020, 1.6431040E-001, 7.1219342E+001, 2.3514315E-001, 0.0000000E+000,-1.3340928E-001,-6.2014090E-002, 3.3389338E+001
 3.9264008E+001, 1.8212539E+000, 8.2988472E-020, 1.6087050E-001, 7.0646960E+001, 2.3160267E-001, 0.0000000E+000,-1.3132375E-001,-6.2220835E-002, 3.3419133E+001
 3.9467835E+001, 1.8217034E+000, 8.3470028E-020, 1.5945040E-001, 7.0500344E+001, 2.3027371E-001, 0.0000000E+000,-1.3075335E-001,-6.2343963E-002, 3.3448061E+001
 3.9617308E+001, 1.8221579E+000, 8.3791283E-020, 1.5946905E-001, 7.0550528E+001, 2.3044397E-001, 0.0000000E+000,-1.3088919E-001,-6.2412232E-002, 3.3469605E+001
 3.9841518E+001, 1.8225577E+000, 8.4129558E-020, 1.5841960E-001, 7.0312959E+001, 2.2944232E-001, 0.0000000E+000,-1.2999825E-001,-6.2494111E-002, 3.3488335E+001
 4.0065728E+001, 1.8229120E+000, 8.4623581E-020, 1.5889609E-001, 7.0512305E+001, 2.3009557E-001, 0.0000000E+000,-1.3067876E-001,-6.2641972E-002, 3.3518288E+001
 4.0215201E+001, 1.8231311E+000, 8.4969524E-020, 1.6016364E-001, 7.0803811E+001, 2.3156953E-001, 0.0000000E+000,-1.3170465E-001,-6.2782067E-002, 3.3545054E+001
 4.0439411E+001, 1.8233737E+000, 8.5327874E-020, 1.5714911E-001, 6.9846396E+001, 2.2841942E-001, 0.0000000E+000,-1.2825485E-001,-6.2883774E-002, 3.3558452E+001
 4.0663621E+001, 1.8235331E+000, 8.5804246E-020, 1.4808824E-001, 6.8381658E+001, 2.1859608E-001, 0.0000000E+000,-1.2304233E-001,-6.2855148E-002, 3.3541593E+001
 4.0813094E+001, 1.8236227E+000, 8.6070375E-020, 1.5336069E-001, 6.9843015E+001, 2.2433164E-001, 0.0000000E+000,-1.2822282E-001,-6.2877980E-002, 3.3559615E+001
 4.1059725E+001, 1.8239186E+000, 8.6349342E-020, 1.7020906E-001, 7.3375704E+001, 2.4279172E-001, 0.0000000E+000,-1.4099329E-001,-6.3163453E-002, 3.3643568E+001
 4.1205815E+001, 1.8243194E+000, 8.6858760E-020, 1.7437107E-001, 7.3104812E+001, 2.4766507E-001, 0.0000000E+000,-1.3995435E-001,-6.3686870E-002, 3.3729466E+001
 4.1424949E+001, 1.8246858E+000, 8.7450461E-020, 1.6117883E-001, 7.0795880E+001, 2.3357774E-001, 0.0000000E+000,-1.3153233E-001,-6.3819296E-002, 3.3729501E+001
 4.1644084E+001, 1.8249970E+000, 8.7903336E-020, 1.5085294E-001, 6.8820687E+001, 2.2237869E-001, 0.0000000E+000,-1.2445139E-001,-6.3699259E-002, 3.3702662E+001
 4.1863218E+001, 1.8252245E+000, 8.8298961E-020, 1.4449328E-001, 6.7865019E+001, 2.1541236E-001, 0.0000000E+000,-1.2106168E-001,-6.3487564E-002, 3.3669590E+001
 4.2009308E+001, 1.8253434E+000, 8.8516152E-020, 1.4511789E-001, 6.8113276E+001, 2.1606644E-001, 0.0000000E+000,-1.2192209E-001,-6.3408937E-002, 3.3663975E+001
 4.2228443E+001, 1.8252098E+000, 8.8730425E-020, 1.5255100E-001, 7.0069101E+001, 2.2413321E-001, 0.0000000E+000,-1.2887960E-001,-6.3538210E-002, 3.3692153E+001
 4.2454882E+001, 1.8252496E+000, 8.9157486E-020, 1.7056072E-001, 7.3226103E+001, 2.4389455E-001, 0.0000000E+000,-1.4031149E-001,-6.4058072E-002, 3.3801150E+001
 4.2615580E+001, 1.8256083E+000, 8.9597431E-020, 1.7084161E-001, 7.2779930E+001, 2.4450187E-001, 0.0000000E+000,-1.3863889E-001,-6.4425014E-002, 3.3860892E+001
 4.2856628E+001, 1.8258543E+000, 9.0120067E-020, 1.5582285E-001, 6.9369309E+001, 2.2838058E-001, 0.0000000E+000,-1.2633599E-001,-6.4523993E-002, 3.3850559E+001
 4.3017327E+001, 1.8260952E+000, 9.0595793E-020, 1.4239991E-001, 6.7791369E+001, 2.1373022E-001, 0.0000000E+000,-1.2071859E-001,-6.4282275E-002, 3.3800448E+001
 4.3258375E+001, 1.8262930E+000, 9.0867356E-020, 1.4522493E-001, 6.8268445E+001, 2.1675697E-001, 0.0000000E+000,-1.2237483E-001,-6.4130146E-002, 3.3792976E+001
 4.3419073E+001, 1.8264528E+000, 9.1100620E-020, 1.4822688E-001, 6.8879189E+001, 2.2006271E-001, 0.0000000E+000,-1.2451465E-001,-6.4153384E-002, 3.3805409E+001
 4.3660121E+001, 1.8264863E+000, 9.1371975E-020, 1.5505420E-001, 7.0538908E+001, 2.2754966E-001, 0.0000000E+000,-1.3043096E-001,-6.4326176E-002, 3.3843531E+001
 4.3820820E+001, 1.8265939E+000, 9.1756055E-020, 1.6339870E-001, 7.1766763E+001, 2.3679492E-001, 0.0000000E+000,-1.3484656E-001,-6.4669519E-002, 3.3909583E+001
 4.4052240E+001, 1.8267978E+000, 9.2243364E-020, 1.5899779E-001, 7.0665574E+001, 2.3221491E-001, 0.0000000E+000,-1.3086067E-001,-6.4915233E-002, 3.3939145E+001
 4.4264405E+001, 1.8270721E+000, 9.2717735E-020, 1.4059306E-001, 6.6800825E+001, 2.1217254E-001, 0.0000000E+000,-1.1717511E-001,-6.4793843E-002, 3.3892366E+001
 4.4405849E+001, 1.8272504E+000, 9.2985640E-020, 1.3869012E-001, 6.7488278E+001, 2.1003231E-001, 0.0000000E+000,-1.1954854E-001,-6.4506396E-002, 3.3859331E+001
 4.4618014E+001, 1.8274327E+000, 9.3163009E-020, 1.5330273E-001, 7.0236100E+001, 2.2603135E-001, 0.0000000E+000,-1.2925902E-001,-6.4632672E-002, 3.3908916E+001
 4.4830179E+001, 1.8276558E+000, 9.3478647E-020, 1.6126915E-001, 7.1452612E+001, 2.3488516E-001, 0.0000000E+000,-1.3360470E-001,-6.4974092E-002, 3.3973364E+001
 4.5042344E+001, 1.8278689E+000, 9.4026422E-020, 1.6235990E-001, 7.1695688E+001, 2.3630774E-001, 0.0000000E+000,-1.3446467E-001,-6.5324900E-002, 3.4029742E+001
 4.5254509E+001, 1.8282758E+000, 9.4485701E-020, 1.6428251E-001, 7.2105220E+001, 2.3859615E-001, 0.0000000E+000,-1.3591249E-001,-6.5528904E-002, 3.4072633E+001
 4.5466675E+001, 1.8288428E+000, 9.5079635E-020, 1.6153433E-001, 7.1432664E+001, 2.3587423E-001, 0.0000000E+000,-1.3342013E-001,-6.5707692E-002, 3.4106604E+001
 4.5615190E+001, 1.8292597E+000, 9.5488370E-020, 1.5360752E-001, 6.9710720E+001, 2.2736616E-001, 0.0000000E+000,-1.2719449E-001,-6.5685825E-002, 3.4098210E+001
 4.5848572E+001, 1.8295190E+000, 9.5825901E-020, 1.5163915E-001, 7.0081954E+001, 2.2522059E-001, 0.0000000E+000,-1.2849761E-001,-6.5641455E-002, 3.4094203E+001
 4.6060229E+001, 1.8297382E+000, 9.6292610E-020, 1.6612666E-001, 7.2708258E+001, 2.4110993E-001, 0.0000000E+000,-1.3797222E-001,-6.5894964E-002, 3.4165164E+001
 4.6261025E+001, 1.8299268E+000, 9.6776324E-020, 1.6349674E-001, 7.1550656E+001, 2.3845288E-001, 0.0000000E+000,-1.3374685E-001,-6.6190055E-002, 3.4200936E+001
 4.6461821E+001, 1.8300389E+000, 9.7339797E-020, 1.5201805E-001, 6.9900881E+001, 2.2601049E-001, 0.0000000E+000,-1.2779544E-001,-6.6204142E-002, 3.4185575E+001
 4.6609071E+001, 1.8301415E+000, 9.7637794E-020, 1.5702386E-001, 7.1133871E+001, 2.3148660E-001, 0.0000000E+000,-1.3221580E-001,-6.6227506E-002, 3.4204711E+001
 4.6829947E+001, 1.8304332E+000, 9.7962667E-020, 1.6751512E-001, 7.3106294E+001, 2.4305742E-001, 0.0000000E+000,-1.3936173E-001,-6.6434162E-002, 3.4262630E+001
 4.7050822E+001, 1.8307904E+000, 9.8605621E-020, 1.6158148E-001, 7.1521526E+001, 2.3686384E-001, 0.0000000E+000,-1.3355345E-001,-6.6730683E-002, 3.4298147E+001
 4.7271697E+001, 1.8309812E+000, 9.9106447E-020, 1.5620173E-001, 7.0790219E+001, 2.3109442E-001, 0.0000000E+000,-1.3089069E-001,-6.6751477E-002, 3.4296779E+001
 4.7418948E+001, 1.8311130E+000, 9.9519788E-020, 1.5711298E-001, 7.0895639E+001, 2.3213099E-001, 0.0000000E+000,-1.3125733E-001,-6.6791962E-002, 3.4309825E+001
 4.7639823E+001, 1.8312574E+000, 9.9922896E-020, 1.5103358E-001, 6.9595917E+001, 2.2555651E-001, 0.0000000E+000,-1.2659710E-001,-6.6802192E-002, 3.4302813E+001
 4.7860698E+001, 1.8313124E+000, 1.0027827E-019, 1.3968631E-001, 6.7262776E+001, 2.1306462E-001, 0.0000000E+000,-1.1836257E-001,-6.6644216E-002, 3.4260179E+001
 4.8007949E+001, 1.8312013E+000, 1.0051055E-019, 1.4029801E-001, 6.8508368E+001, 2.1359958E-001, 0.0000000E+000,-1.2275063E-001,-6.6481118E-002, 3.4239762E+001
 4.8228824E+001, 1.8312068E+000, 1.0073366E-019, 1.6581095E-001, 7.3200727E+001, 2.4155066E-001, 0.0000000E+000,-1.3965922E-001,-6.6832103E-002, 3.4340890E+001
 4.8449699E+001, 1.8315673E+000, 1.0120678E-019, 1.7482759E-001, 7.3999858E+001, 2.5170016E-001, 0.0000000E+000,-1.4255757E-001,-6.7409592E-002, 3.4442745E+001
 4.8670575E+001, 1.8318640E+000, 1.0200360E-019, 1.5173902E-001, 6.9509380E+001, 2.2681332E-001, 0.0000000E+000,-1.2624664E-001,-6.7569815E-002, 3.4424953E+001
 4.8817825E+001, 1.8320273E+000, 1.0238492E-019, 1.4161873E-001, 6.8086660E+001, 2.1566163E-001, 0.0000000E+000,-1.2117676E-001,-6.7314709E-002, 3.4377848E+001
 4.9038700E+001, 1.8322300E+000, 1.0260299E-019, 1.4433423E-001, 6.8802806E+001, 2.1861315E-001, 0.0000000E+000,-1.2368165E-001,-6.7145232E-002, 3.4368167E+001
 4.9259576E+001, 1.8323965E+000, 1.0291454E-019, 1.4594427E-001, 6.8881716E+001, 2.2039804E-001, 0.0000000E+000,-1.2394382E-001,-6.7146809E-002, 3.4374228E+001
 4.9406826E+001, 1.8323567E+000, 1.0316534E-019, 1.4615336E-001, 6.9016835E+001, 2.2061681E-001, 0.0000000E+000,-1.2442647E-001,-6.7205665E-002, 3.4380410E+001
 4.9627701E+001, 1.8322802E+000, 1.0342058E-019, 1.5262955E-001, 7.0811165E+001, 2.2772153E-001, 0.0000000E+000,-1.3085038E-001,-6.7350819E-002, 3.4411860E+001
 4.9870664E+001, 1.8324228E+000, 1.0390645E-019, 1.6730659E-001, 7.3229084E+001, 2.4396541E-001, 0.0000000E+000,-1.3961927E-001,-6.7821572E-002, 3.4511774E+001
 5.0032639E+001, 1.8327244E+000, 1.0441747E-019, 1.5816205E-001, 7.0702440E+001, 2.3422010E-001, 0.0000000E+000,-1.3041728E-001,-6.8038840E-002, 3.4529308E+001
 5.0265998E+001, 1.8329671E+000, 1.0490279E-019, 1.3957717E-001, 6.7323033E+001, 2.1389042E-001, 0.0000000E+000,-1.1841387E-001,-6.7886464E-002, 3.4474836E+001
 5.0408765E+001, 1.8330323E+000, 1.0521265E-019, 1.3934205E-001, 6.8102509E+001, 2.1350375E-001, 0.0000000E+000,-1.2113588E-001,-6.7586449E-002, 3.4442471E+001
 5.0622915E+001, 1.8330959E+000, 1.0538848E-019, 1.4740317E-001, 6.9418831E+001, 2.2236976E-001, 0.0000000E+000,-1.2578097E-001,-6.7644706E-002, 3.4467577E+001
 5.0837065E+001, 1.8331900E+000, 1.0567162E-019, 1.4978751E-001, 6.9910357E+001, 2.2504013E-001, 0.0000000E+000,-1.2752255E-001,-6.7798995E-002, 3.4493010E+001
 5.1051215E+001, 1.8332044E+000, 1.0610172E-019, 1.5375656E-001, 7.0646404E+001, 2.2950459E-001, 0.0000000E+000,-1.3015747E-001,-6.8031215E-002, 3.4532862E+001
 5.1265366E+001, 1.8333667E+000, 1.0648952E-019, 1.5564248E-001, 7.0918703E+001, 2.3169306E-001, 0.0000000E+000,-1.3112087E-001,-6.8208516E-002, 3.4565863E+001
 5.1408133E+001, 1.8336465E+000, 1.0690822E-019, 1.5175520E-001, 6.9715421E+001, 2.2760161E-001, 0.0000000E+000,-1.2678659E-001,-6.8300234E-002, 3.4578164E+001
 5.1622283E+001, 1.8338830E+000, 1.0727363E-019, 1.3677573E-001, 6.6998481E+001, 2.1113733E-001, 0.0000000E+000,-1.1719417E-001,-6.8104085E-002, 3.4528014E+001
 5.1836433E+001, 1.8339852E+000, 1.0748480E-019, 1.4051812E-001, 6.8684656E+001, 2.1518169E-001, 0.0000000E+000,-1.2310294E-001,-6.7940964E-002, 3.4518548E+001
 5.2050583E+001, 1.8340808E+000, 1.0775635E-019, 1.5267758E-001, 7.0475131E+001, 2.2860158E-001, 0.0000000E+000,-1.2945675E-001,-6.8165006E-002, 3.4573565E+001
 5.2264733E+001, 1.8342117E+000, 1.0812476E-019, 1.4756261E-001, 6.9006450E+001, 2.2310626E-001, 0.0000000E+000,-1.2421623E-001,-6.8330023E-002, 3.4586054E+001
 5.2407500E+001, 1.8342351E+000, 1.0848263E-019, 1.4290121E-001, 6.8819731E+001, 2.1802058E-001, 0.0000000E+000,-1.2354609E-001,-6.8308575E-002, 3.4577510E+001
 5.2621651E+001, 1.8343750E+000, 1.0876023E-019, 1.5178206E-001, 7.0584360E+001, 2.2779560E-001, 0.0000000E+000,-1.2982692E-001,-6.8403663E-002, 3.4614417E+001
 5.2835801E+001, 1.8348637E+000, 1.0911628E-019, 1.5878854E-001, 7.1758350E+001, 2.3567301E-001, 0.0000000E+000,-1.3401000E-001,-6.8626537E-002, 3.4669479E+001
 5.3049951E+001, 1.8353182E+000, 1.0970164E-019, 1.5736394E-001, 7.1406318E+001, 2.3436201E-001, 0.0000000E+000,-1.3269062E-001,-6.8874551E-002, 3.4709931E+001
 5.3264101E+001, 1.8355877E+000, 1.1017108E-019, 1.5589318E-001, 7.1145289E+001, 2.3287724E-001, 0.0000000E+000,-1.3172110E-001,-6.8995186E-002, 3.4729610E+001
 5.3406868E+001, 1.8359951E+000, 1.1061475E-019, 1.5440311E-001, 7.0720216E+001, 2.3137754E-001, 0.0000000E+000,-1.3015088E-001,-6.9056130E-002, 3.4744198E+001
 5.3621018E+001, 1.8361688E+000, 1.1102758E-019, 1.4699942E-001, 6.9304890E+001, 2.2330341E-001, 0.0000000E+000,-1.2507982E-001,-6.9023142E-002, 3.4730333E+001
 5.3842307E+001, 1.8362631E+000, 1.1136501E-019, 1.4264549E-001, 6.8991886E+001, 2.1850669E-001, 0.0000000E+000,-1.2396205E-001,-6.8923308E-002, 3.4710983E+001
 5.4077872E+001, 1.8363439E+000, 1.1173031E-019, 1.6718073E-001, 7.4069990E+001, 2.4542575E-001, 0.0000000E+000,-1.4237669E-001,-6.9234262E-002, 3.4809382E+001
 5.4234916E+001, 1.8366442E+000, 1.1221949E-019, 1.7968045E-001, 7.6117875E+001, 2.5932777E-001, 0.0000000E+000,-1.4995896E-001,-6.9814460E-002, 3.4918458E+001
 5.4470481E+001, 1.8370297E+000, 1.1293504E-019, 1.6808935E-001, 7.2731894E+001, 2.4705620E-001, 0.0000000E+000,-1.3736354E-001,-7.0161362E-002, 3.4947761E+001
 5.4627524E+001, 1.8372773E+000, 1.1369054E-019, 1.5381615E-001, 7.0913766E+001, 2.3158486E-001, 0.0000000E+000,-1.3072195E-001,-7.0118628E-002, 3.4922962E+001
 5.4863090E+001, 1.8375723E+000, 1.1417072E-019, 1.5392896E-001, 7.1151157E+001, 2.3172649E-001, 0.0000000E+000,-1.3154970E-001,-7.0008113E-002, 3.4919555E+001
 5.5020133E+001, 1.8379291E+000, 1.1455064E-019, 1.5125221E-001, 7.0167703E+001, 2.2884746E-001, 0.0000000E+000,-1.2798416E-001,-6.9961751E-002, 3.4916777E+001
 5.5255698E+001, 1.8379215E+000, 1.1491872E-019, 1.4058767E-001, 6.8065775E+001, 2.1709748E-001, 0.0000000E+000,-1.2053105E-001,-6.9854413E-002, 3.4878889E+001
 5.5412742E+001, 1.8377166E+000, 1.1520573E-019, 1.3824276E-001, 6.8483899E+001, 2.1437467E-001, 0.0000000E+000,-1.2202412E-001,-6.9675094E-002, 3.4847509E+001
 5.5632166E+001, 1.8375270E+000, 1.1542851E-019, 1.5889815E-001, 7.2497311E+001, 2.3702499E-001, 0.0000000E+000,-1.3646602E-001,-6.9920739E-002, 3.4921087E+001
 5.5843519E+001, 1.8376236E+000, 1.1587096E-019, 1.6624293E-001, 7.2859672E+001, 2.4529319E-001, 0.0000000E+000,-1.3778062E-001,-7.0393335E-002, 3.4999069E+001
 5.6054873E+001, 1.8377736E+000, 1.1657677E-019, 1.4077586E-001, 6.8015909E+001, 2.1749671E-001, 0.0000000E+000,-1.2038770E-001,-7.0379072E-002, 3.4950405E+001
 5.6266226E+001, 1.8378179E+000, 1.1687083E-019, 1.3476679E-001, 6.7665994E+001, 2.1073925E-001, 0.0000000E+000,-1.1914115E-001,-7.0034693E-002, 3.4899189E+001
 5.6407128E+001, 1.8378873E+000, 1.1699518E-019, 1.4320451E-001, 6.9265815E+001, 2.2000008E-001, 0.0000000E+000,-1.2477103E-001,-6.9946535E-002, 3.4907703E+001
 5.6618482E+001, 1.8380804E+000, 1.1722987E-019, 1.4680298E-001, 6.9648426E+001, 2.2403978E-001, 0.0000000E+000,-1.2611193E-001,-7.0066827E-002, 3.4932132E+001
 5.6850971E+001, 1.8379671E+000, 1.1754021E-019, 1.4387813E-001, 6.9121121E+001, 2.2081655E-001, 0.0000000E+000,-1.2424888E-001,-7.0174116E-002, 3.4936419E+001
 5.7005963E+001, 1.8379231E+000, 1.1785410E-019, 1.4733943E-001, 7.0120318E+001, 2.2467496E-001, 0.0000000E+000,-1.2781275E-001,-7.0248686E-002, 3.4955157E+001
 5.7204420E+001, 1.8381455E+000, 1.1820023E-019, 1.5378081E-001, 7.1163204E+001, 2.3184466E-001, 0.0000000E+000,-1.3153677E-001,-7.0428922E-002, 3.4997871E+001
 5.7402877E+001, 1.8384863E+000, 1.1859988E-019, 1.5050563E-001, 6.9896941E+001, 2.2842217E-001, 0.0000000E+000,-1.2696933E-001,-7.0550774E-002, 3.5014132E+001
 5.7621179E+001, 1.8386244E+000, 1.1903462E-019, 1.3086540E-001, 6.6280150E+001, 2.0674166E-001, 0.0000000E+000,-1.1424036E-001,-7.0323452E-002, 3.4947994E+001
 5.7839482E+001, 1.8386025E+000, 1.1917746E-019, 1.3706505E-001, 6.8725447E+001, 2.1346420E-001, 0.0000000E+000,-1.2281020E-001,-7.0132982E-002, 3.4937929E+001
 5.8057784E+001, 1.8386714E+000, 1.1941254E-019, 1.5662858E-001, 7.1794894E+001, 2.3506679E-001, 0.0000000E+000,-1.3377243E-001,-7.0475074E-002, 3.5024237E+001
 5.8203319E+001, 1.8387507E+000, 1.1979827E-019, 1.5009065E-001, 6.9865574E+001, 2.2804990E-001, 0.0000000E+000,-1.2682653E-001,-7.0707254E-002, 3.5041164E+001
 5.8421622E+001, 1.8387699E+000, 1.2018723E-019, 1.3777528E-001, 6.7844993E+001, 2.1451404E-001, 0.0000000E+000,-1.1967220E-001,-7.0645993E-002, 3.5009637E+001
 5.8639924E+001, 1.8388388E+000, 1.2050346E-019, 1.4575586E-001, 6.9882351E+001, 2.2328349E-001, 0.0000000E+000,-1.2688105E-001,-7.0576171E-002, 3.5023209E+001
 5.8858227E+001, 1.8391990E+000, 1.2079199E-019, 1.5464653E-001, 7.1418751E+001, 2.3320566E-001, 0.0000000E+000,-1.3235745E-001,-7.0784338E-002, 3.5076727E+001
 5.9011039E+001, 1.8395057E+000, 1.2123590E-019, 1.5042424E-001, 7.0144288E+001, 2.2877591E-001, 0.0000000E+000,-1.2774486E-001,-7.0962730E-002, 3.5097881E+001
 5.9227108E+001, 1.8396831E+000, 1.2166679E-019, 1.4591259E-001, 6.9826396E+001, 2.2384867E-001, 0.0000000E+000,-1.2659124E-001,-7.0963714E-002, 3.5093570E+001
 5.9443177E+001, 1.8398455E+000, 1.2202192E-019, 1.5053529E-001, 7.0671316E+001, 2.2900084E-001, 0.0000000E+000,-1.2959940E-001,-7.1030757E-002, 3.5117767E+001
 5.9659246E+001, 1.8401544E+000, 1.2250590E-019, 1.4605652E-001, 6.9501265E+001, 2.2420544E-001, 0.0000000E+000,-1.2539418E-001,-7.1100202E-002, 3.5125056E+001
 5.9817697E+001, 1.8402441E+000, 1.2282089E-019, 1.3482315E-001, 6.6949298E+001, 2.1177252E-001, 0.0000000E+000,-1.1640102E-001,-7.0977900E-002, 3.5085913E+001
 6.0055373E+001, 1.8401637E+000, 1.2301703E-019, 1.3263617E-001, 6.7736105E+001, 2.0923526E-001, 0.0000000E+000,-1.1917005E-001,-7.0783862E-002, 3.5056470E+001
 6.0213823E+001, 1.8402664E+000, 1.2315095E-019, 1.5758658E-001, 7.2974744E+001, 2.3675787E-001, 0.0000000E+000,-1.3793915E-001,-7.0922007E-002, 3.5133881E+001
 6.0426172E+001, 1.8405981E+000, 1.2361834E-019, 1.7519575E-001, 7.5451919E+001, 2.5630435E-001, 0.0000000E+000,-1.4707014E-001,-7.1615437E-002, 3.5265777E+001
 6.0638521E+001, 1.8410827E+000, 1.2438131E-019, 1.6456965E-001, 7.2516466E+001, 2.4508836E-001, 0.0000000E+000,-1.3618245E-001,-7.2013983E-002, 3.5304744E+001
 6.0850870E+001, 1.8414066E+000, 1.2518294E-019, 1.4620648E-001, 6.9809546E+001, 2.2508880E-001, 0.0000000E+000,-1.2636274E-001,-7.1885656E-002, 3.5264262E+001
 6.1063219E+001, 1.8417713E+000, 1.2554954E-019, 1.4299072E-001, 6.9207720E+001, 2.2151625E-001, 0.0000000E+000,-1.2418509E-001,-7.1666431E-002, 3.5239635E+001
 6.1204784E+001, 1.8420639E+000, 1.2582766E-019, 1.4097558E-001, 6.8740335E+001, 2.1927373E-001, 0.0000000E+000,-1.2250188E-001,-7.1528504E-002, 3.5223101E+001
 6.1417133E+001, 1.8419882E+000, 1.2607169E-019, 1.3658493E-001, 6.7911953E+001, 2.1434645E-001, 0.0000000E+000,-1.1959298E-001,-7.1456047E-002, 3.5199370E+001
 6.1636560E+001, 1.8415185E+000, 1.2626761E-019, 1.3800718E-001, 6.8853877E+001, 2.1575755E-001, 0.0000000E+000,-1.2296972E-001,-7.1459026E-002, 3.5191619E+001
 6.1870144E+001, 1.8414144E+000, 1.2655827E-019, 1.6063083E-001, 7.3124406E+001, 2.4072649E-001, 0.0000000E+000,-1.3837530E-001,-7.1821673E-002, 3.5287784E+001
 6.2025867E+001, 1.8417332E+000, 1.2702236E-019, 1.6618806E-001, 7.3699524E+001, 2.4708900E-001, 0.0000000E+000,-1.4044750E-001,-7.2245621E-002, 3.5363024E+001
 6.2259450E+001, 1.8418435E+000, 1.2764917E-019, 1.4684133E-001, 6.8675661E+001, 2.2600241E-001, 0.0000000E+000,-1.2235890E-001,-7.2371045E-002, 3.5340470E+001
 6.2415173E+001, 1.8418430E+000, 1.2816264E-019, 1.1746957E-001, 6.4115325E+001, 1.9329900E-001, 0.0000000E+000,-1.0650949E-001,-7.1881488E-002, 3.5217385E+001
 6.2648757E+001, 1.8417852E+000, 1.2814607E-019, 1.2473311E-001, 6.6123486E+001, 2.0112196E-001, 0.0000000E+000,-1.1339986E-001,-7.1423207E-002, 3.5175183E+001
 6.2804479E+001, 1.8417809E+000, 1.2809797E-019, 1.3643685E-001, 6.8398089E+001, 2.1407047E-001, 0.0000000E+000,-1.2132345E-001,-7.1416488E-002, 3.5197962E+001
 6.3038063E+001, 1.8417362E+000, 1.2822414E-019, 1.4497152E-001, 7.0015298E+001, 2.2356306E-001, 0.0000000E+000,-1.2706728E-001,-7.1637231E-002, 3.5241637E+001
 6.3259309E+001, 1.8416897E+000, 1.2865208E-019, 1.5123921E-001, 7.0978841E+001, 2.3058499E-001, 0.0000000E+000,-1.3052632E-001,-7.2046626E-002, 3.5304322E+001
 6.3455882E+001, 1.8418294E+000, 1.2911842E-019, 1.4977737E-001, 7.0388405E+001, 2.2914376E-001, 0.0000000E+000,-1.2839346E-001,-7.2235877E-002, 3.5330956E+001
 6.3652454E+001, 1.8422885E+000, 1.2960167E-019, 1.3884181E-001, 6.8331843E+001, 2.1722539E-001, 0.0000000E+000,-1.2104302E-001,-7.2135317E-002, 3.5309570E+001
 6.3855579E+001, 1.8426207E+000, 1.2985105E-019, 1.3456565E-001, 6.7902384E+001, 2.1250287E-001, 0.0000000E+000,-1.1949925E-001,-7.1944850E-002, 3.5283957E+001
 6.4071809E+001, 1.8427647E+000, 1.3007209E-019, 1.4779071E-001, 7.0648001E+001, 2.2710528E-001, 0.0000000E+000,-1.2924243E-001,-7.2032756E-002, 3.5324926E+001
 6.4215962E+001, 1.8429045E+000, 1.3036149E-019, 1.5633897E-001, 7.2132211E+001, 2.3663004E-001, 0.0000000E+000,-1.3458500E-001,-7.2328834E-002, 3.5382660E+001
 6.4432191E+001, 1.8430562E+000, 1.3079763E-019, 1.5602444E-001, 7.1736456E+001, 2.3645350E-001, 0.0000000E+000,-1.3313372E-001,-7.2591638E-002, 3.5419465E+001
 6.4648421E+001, 1.8432841E+000, 1.3145782E-019, 1.4872999E-001, 7.0439373E+001, 2.2857962E-001, 0.0000000E+000,-1.2843282E-001,-7.2700653E-002, 3.5427398E+001
 6.4864651E+001, 1.8435464E+000, 1.3188558E-019, 1.4518006E-001, 6.9845510E+001, 2.2474515E-001, 0.0000000E+000,-1.2628133E-001,-7.2643384E-002, 3.5421391E+001
 6.5008804E+001, 1.8437576E+000, 1.3223850E-019, 1.4568349E-001, 7.0054367E+001, 2.2533182E-001, 0.0000000E+000,-1.2700668E-001,-7.2622211E-002, 3.5425637E+001
 6.5225033E+001, 1.8439182E+000, 1.3258567E-019, 1.4764797E-001, 7.0437396E+001, 2.2753554E-001, 0.0000000E+000,-1.2836279E-001,-7.2691957E-002, 3.5441943E+001
 6.5441263E+001, 1.8440286E+000, 1.3296523E-019, 1.5012829E-001, 7.0964936E+001, 2.3031670E-001, 0.0000000E+000,-1.3024821E-001,-7.2820866E-002, 3.5465900E+001
 6.5657493E+001, 1.8441290E+000, 1.3349368E-019, 1.4936418E-001, 7.0675226E+001, 2.2958062E-001, 0.0000000E+000,-1.2919628E-001,-7.2968411E-002, 3.5487299E+001
 6.5801646E+001, 1.8442287E+000, 1.3386568E-019, 1.4796315E-001, 7.0484354E+001, 2.2810258E-001, 0.0000000E+000,-1.2850067E-001,-7.3013356E-002, 3.5494407E+001
 6.6017876E+001, 1.8444014E+000, 1.3421459E-019, 1.5023157E-001, 7.1136506E+001, 2.3064799E-001, 0.0000000E+000,-1.3083147E-001,-7.3077401E-002, 3.5512237E+001
 6.6255728E+001, 1.8446770E+000, 1.3475697E-019, 1.5460075E-001, 7.1850253E+001, 2.3563624E-001, 0.0000000E+000,-1.3338720E-001,-7.3268951E-002, 3.5554947E+001
 6.6414297E+001, 1.8449154E+000, 1.3522064E-019, 1.5154895E-001, 7.1036284E+001, 2.3238605E-001, 0.0000000E+000,-1.3042038E-001,-7.3377096E-002, 3.5568295E+001
 6.6652149E+001, 1.8449895E+000, 1.3567908E-019, 1.4291336E-001, 6.9052267E+001, 2.2286985E-001, 0.0000000E+000,-1.2332836E-001,-7.3356695E-002, 3.5549025E+001
 6.6810718E+001, 1.8449717E+000, 1.3606664E-019, 1.3107872E-001, 6.6918825E+001, 2.0970782E-001, 0.0000000E+000,-1.1583480E-001,-7.3137489E-002, 3.5495403E+001
 6.7048570E+001, 1.8448507E+000, 1.3621195E-019, 1.2562666E-001, 6.6142194E+001, 2.0343421E-001, 0.0000000E+000,-1.1315362E-001,-7.2832789E-002, 3.5441442E+001
 6.7207139E+001, 1.8447182E+000, 1.3623804E-019, 1.3640538E-001, 6.8918576E+001, 2.1527411E-001, 0.0000000E+000,-1.2289297E-001,-7.2782280E-002, 3.5454929E+001
 6.7444991E+001, 1.8446636E+000, 1.3636108E-019, 1.5939461E-001, 7.3695582E+001, 2.4071122E-001, 0.0000000E+000,-1.4016068E-001,-7.3156835E-002, 3.5552299E+001
 6.7603560E+001, 1.8449066E+000, 1.3689046E-019, 1.6676178E-001, 7.3432972E+001, 2.4915042E-001, 0.0000000E+000,-1.3915969E-001,-7.3791577E-002, 3.5653907E+001
 6.7841412E+001, 1.8449580E+000, 1.3767069E-019, 1.4027669E-001, 6.8264427E+001, 2.2010507E-001, 0.0000000E+000,-1.2060837E-001,-7.3829902E-002, 3.5604518E+001
 6.8079265E+001, 1.8449373E+000, 1.3807902E-019, 1.2175223E-001, 6.5500955E+001, 1.9938669E-001, 0.0000000E+000,-1.1094613E-001,-7.3308497E-002, 3.5502103E+001
 6.8237833E+001, 1.8450271E+000, 1.3806043E-019, 1.3425845E-001, 6.8597886E+001, 2.1316035E-001, 0.0000000E+000,-1.2171782E-001,-7.3003707E-002, 3.5495448E+001
 6.8475686E+001, 1.8452381E+000, 1.3818771E-019, 1.5190863E-001, 7.1626264E+001, 2.3276981E-001, 0.0000000E+000,-1.3252687E-001,-7.3306447E-002, 3.5575633E+001
 6.8634255E+001, 1.8454341E+000, 1.3857805E-019, 1.5827409E-001, 7.2740246E+001, 2.3997781E-001, 0.0000000E+000,-1.3655742E-001,-7.3702309E-002, 3.5643008E+001
 6.8872107E+001, 1.8455394E+000, 1.3913104E-019, 1.5667240E-001, 7.2025959E+001, 2.3839488E-001, 0.0000000E+000,-1.3394501E-001,-7.4020597E-002, 3.5682038E+001
 6.9030676E+001, 1.8457481E+000, 1.3977986E-019, 1.4660503E-001, 6.9889684E+001, 2.2745091E-001, 0.0000000E+000,-1.2622929E-001,-7.4096431E-002, 3.5677596E+001
 6.9243974E+001, 1.8459700E+000, 1.4022976E-019, 1.3481320E-001, 6.7950610E+001, 2.1439399E-001, 0.0000000E+000,-1.1934178E-001,-7.3852276E-002, 3.5629174E+001
 6.9457272E+001, 1.8461820E+000, 1.4044632E-019, 1.3529519E-001, 6.8662512E+001, 2.1485948E-001, 0.0000000E+000,-1.2183509E-001,-7.3634018E-002, 3.5607901E+001
 6.9670570E+001, 1.8462434E+000, 1.4068552E-019, 1.5126717E-001, 7.1599608E+001, 2.3252410E-001, 0.0000000E+000,-1.3233096E-001,-7.3820929E-002, 3.5665618E+001
 6.9812769E+001, 1.8463064E+000, 1.4103693E-019, 1.5619067E-001, 7.2353892E+001, 2.3807930E-001, 0.0000000E+000,-1.3506109E-001,-7.4132208E-002, 3.5715272E+001
 7.0026068E+001, 1.8463897E+000, 1.4150951E-019, 1.5107625E-001, 7.0859110E+001, 2.3256583E-001, 0.0000000E+000,-1.2964469E-001,-7.4318507E-002, 3.5730419E+001
 7.0239366E+001, 1.8464937E+000, 1.4210228E-019, 1.4018435E-001, 6.9133139E+001, 2.2060680E-001, 0.0000000E+000,-1.2346092E-001,-7.4235529E-002, 3.5703943E+001
 7.0452664E+001, 1.8466737E+000, 1.4239792E-019, 1.3989692E-001, 6.9402951E+001, 2.2028131E-001, 0.0000000E+000,-1.2440298E-001,-7.4106366E-002, 3.5693305E+001
 7.0665962E+001, 1.8468602E+000, 1.4273478E-019, 1.4871821E-001, 7.1043762E+001, 2.3006570E-001, 0.0000000E+000,-1.3025789E-001,-7.4211269E-002, 3.5728975E+001
 7.0808161E+001, 1.8469333E+000, 1.4307245E-019, 1.5299814E-001, 7.1874085E+001, 2.3487753E-001, 0.0000000E+000,-1.3325414E-001,-7.4422657E-002, 3.5765441E+001
 7.1021460E+001, 1.8469908E+000, 1.4349413E-019, 1.5560250E-001, 7.2310382E+001, 2.3783872E-001, 0.0000000E+000,-1.3483569E-001,-7.4641804E-002, 3.5801154E+001
 7.1248978E+001, 1.8472870E+000, 1.4417462E-019, 1.5325137E-001, 7.1733266E+001, 2.3545405E-001, 0.0000000E+000,-1.3270935E-001,-7.4824677E-002, 3.5829739E+001
 7.1405396E+001, 1.8476689E+000, 1.4464507E-019, 1.4961502E-001, 7.1027054E+001, 2.3158817E-001, 0.0000000E+000,-1.3011735E-001,-7.4820906E-002, 3.5833073E+001
 7.1640025E+001, 1.8478733E+000, 1.4508457E-019, 1.4826374E-001, 7.0969460E+001, 2.3015805E-001, 0.0000000E+000,-1.2989010E-001,-7.4819431E-002, 3.5836328E+001
 7.1874653E+001, 1.8481262E+000, 1.4566013E-019, 1.5228842E-001, 7.1796208E+001, 2.3466794E-001, 0.0000000E+000,-1.3285548E-001,-7.4917387E-002, 3.5865205E+001
 7.2012936E+001, 1.8483205E+000, 1.4610682E-019, 1.5386453E-001, 7.2065290E+001, 2.3649081E-001, 0.0000000E+000,-1.3381360E-001,-7.5052919E-002, 3.5889861E+001
 7.2220361E+001, 1.8484888E+000, 1.4656327E-019, 1.5077247E-001, 7.1158214E+001, 2.3317580E-001, 0.0000000E+000,-1.3051320E-001,-7.5137998E-002, 3.5897378E+001
 7.2427786E+001, 1.8486275E+000, 1.4712104E-019, 1.4313631E-001, 6.9889411E+001, 2.2475741E-001, 0.0000000E+000,-1.2594327E-001,-7.5080570E-002, 3.5878975E+001
 7.2642125E+001, 1.8487720E+000, 1.4744986E-019, 1.4448779E-001, 7.0670753E+001, 2.2624040E-001, 0.0000000E+000,-1.2873404E-001,-7.5016451E-002, 3.5878294E+001
 7.2870293E+001, 1.8490152E+000, 1.4788993E-019, 1.6304329E-001, 7.4285897E+001, 2.4683067E-001, 0.0000000E+000,-1.4192000E-001,-7.5320064E-002, 3.5963835E+001
 7.3022405E+001, 1.8492657E+000, 1.4845623E-019, 1.7042932E-001, 7.5239241E+001, 2.5517912E-001, 0.0000000E+000,-1.4542870E-001,-7.5755001E-002, 3.6041308E+001
 7.3250572E+001, 1.8495597E+000, 1.4921001E-019, 1.5878225E-001, 7.1994936E+001, 2.4260532E-001, 0.0000000E+000,-1.3348027E-001,-7.5968709E-002, 3.6050718E+001
 7.3402684E+001, 1.8496062E+000, 1.4995654E-019, 1.3162806E-001, 6.7461826E+001, 2.1254402E-001, 0.0000000E+000,-1.1727709E-001,-7.5716094E-002, 3.5963284E+001
 7.3630852E+001, 1.8496325E+000, 1.5018513E-019, 1.3482421E-001, 6.8882669E+001, 2.1590894E-001, 0.0000000E+000,-1.2228317E-001,-7.5314443E-002, 3.5924860E+001
 7.3859019E+001, 1.8497713E+000, 1.5031251E-019, 1.5229251E-001, 7.2636044E+001, 2.3523880E-001, 0.0000000E+000,-1.3577153E-001,-7.5400259E-002, 3.5976547E+001
 7.4011131E+001, 1.8498647E+000, 1.5073148E-019, 1.6841196E-001, 7.4983759E+001, 2.5318843E-001, 0.0000000E+000,-1.4441531E-001,-7.5872755E-002, 3.6073583E+001
 7.4239298E+001, 1.8499692E+000, 1.5151220E-019, 1.6651769E-001, 7.4559053E+001, 2.5134532E-001, 0.0000000E+000,-1.4282368E-001,-7.6313433E-002, 3.6129446E+001
 7.4467466E+001, 1.8503519E+000, 1.5234897E-019, 1.7397174E-001, 7.6590207E+001, 2.5977978E-001, 0.0000000E+000,-1.5041252E-001,-7.6642596E-002, 3.6200853E+001
 7.4619578E+001, 1.8508216E+000, 1.5325832E-019, 1.7970171E-001, 7.6560035E+001, 2.6637746E-001, 0.0000000E+000,-1.5024997E-001,-7.7061683E-002, 3.6282510E+001
 7.4847745E+001, 1.8514634E+000, 1.5427377E-019, 1.4509293E-001, 6.9570602E+001, 2.2845702E-001, 0.0000000E+000,-1.2465398E-001,-7.6876809E-002, 3.6199121E+001
 7.5075913E+001, 1.8513276E+000, 1.5477302E-019, 1.1143683E-001, 6.3730352E+001, 1.9052147E-001, 0.0000000E+000,-1.0428729E-001,-7.6072492E-002, 3.6021480E+001
 7.5207143E+001, 1.8508540E+000, 1.5454221E-019, 1.2464033E-001, 6.7699747E+001, 2.0491955E-001, 0.0000000E+000,-1.1800562E-001,-7.5492029E-002, 3.5969606E+001
 7.5403988E+001, 1.8506503E+000, 1.5439929E-019, 1.5862062E-001, 7.3858727E+001, 2.4258601E-001, 0.0000000E+000,-1.4020387E-001,-7.5914884E-002, 3.6084548E+001
 7.5607395E+001, 1.8504785E+000, 1.5484097E-019, 1.7420367E-001, 7.6069520E+001, 2.5994088E-001, 0.0000000E+000,-1.4842906E-001,-7.6690283E-002, 3.6207686E+001
 7.5823925E+001, 1.8504862E+000, 1.5588044E-019, 1.6428448E-001, 7.4172527E+001, 2.4946266E-001, 0.0000000E+000,-1.4134108E-001,-7.7196081E-002, 3.6260481E+001
 7.6040455E+001, 1.8509621E+000, 1.5667657E-019, 1.5966196E-001, 7.3399139E+001, 2.4458595E-001, 0.0000000E+000,-1.3843661E-001,-7.7207839E-002, 3.6271854E+001
 7.6256985E+001, 1.8516454E+000, 1.5747859E-019, 1.5490653E-001, 7.2469917E+001, 2.3953912E-001, 0.0000000E+000,-1.3496881E-001,-7.7160920E-002, 3.6275154E+001
 7.6401338E+001, 1.8519696E+000, 1.5796512E-019, 1.4582416E-001, 7.0447211E+001, 2.2951216E-001, 0.0000000E+000,-1.2761515E-001,-7.7050132E-002, 3.6247396E+001
 7.6617868E+001, 1.8519705E+000, 1.5832032E-019, 1.4123787E-001, 7.0098491E+001, 2.2433620E-001, 0.0000000E+000,-1.2636574E-001,-7.6907706E-002, 3.6218468E+001
 7.6834398E+001, 1.8517635E+000, 1.5867404E-019, 1.5441239E-001, 7.3003071E+001, 2.3881890E-001, 0.0000000E+000,-1.3692120E-001,-7.7009653E-002, 3.6254932E+001
 7.7050927E+001, 1.8517042E+000, 1.5914365E-019, 1.6004557E-001, 7.3081208E+001, 2.4515557E-001, 0.0000000E+000,-1.3721869E-001,-7.7358615E-002, 3.6308654E+001
 7.7267457E+001, 1.8515512E+000, 1.5989902E-019, 1.3213434E-001, 6.7507809E+001, 2.1423268E-001, 0.0000000E+000,-1.1727598E-001,-7.7226333E-002, 3.6231328E+001
 7.7411810E+001, 1.8513505E+000, 1.6008645E-019, 1.2584708E-001, 6.7340038E+001, 2.0699697E-001, 0.0000000E+000,-1.1668452E-001,-7.6836360E-002, 3.6167750E+001
 7.7628340E+001, 1.8512421E+000, 1.6004352E-019, 1.4579615E-001, 7.2096550E+001, 2.2908606E-001, 0.0000000E+000,-1.3369136E-001,-7.6796323E-002, 3.6206137E+001
 7.7844870E+001, 1.8516256E+000, 1.6043174E-019, 1.6969513E-001, 7.5617703E+001, 2.5576394E-001, 0.0000000E+000,-1.4661705E-001,-7.7419317E-002, 3.6342213E+001
 7.8061400E+001, 1.8518523E+000, 1.6123888E-019, 1.5780657E-001, 7.2244451E+001, 2.4295616E-001, 0.0000000E+000,-1.3414477E-001,-7.7769060E-002, 3.6366398E+001
 7.8205753E+001, 1.8518728E+000, 1.6196465E-019, 1.3989594E-001, 6.9692803E+001, 2.2317665E-001, 0.0000000E+000,-1.2492576E-001,-7.7638571E-002, 3.6316572E+001
 7.8422283E+001, 1.8520471E+000, 1.6227141E-019, 1.3681597E-001, 6.9159048E+001, 2.1969497E-001, 0.0000000E+000,-1.2301107E-001,-7.7338331E-002, 3.6279689E+001
 7.8638813E+001, 1.8522272E+000, 1.6244300E-019, 1.3376683E-001, 6.8359345E+001, 2.1621595E-001, 0.0000000E+000,-1.2016895E-001,-7.7128141E-002, 3.6248961E+001
 7.8855343E+001, 1.8520155E+000, 1.6257963E-019, 1.2766258E-001, 6.7269517E+001, 2.0923587E-001, 0.0000000E+000,-1.1636785E-001,-7.6916476E-002, 3.6200992E+001
 7.9079090E+001, 1.8516021E+000, 1.6259338E-019, 1.3415907E-001, 6.9553174E+001, 2.1631272E-001, 0.0000000E+000,-1.2448708E-001,-7.6880045E-002, 3.6199777E+001
 7.9237879E+001, 1.8515698E+000, 1.6266748E-019, 1.5957321E-001, 7.4319046E+001, 2.4451440E-001, 0.0000000E+000,-1.4178741E-001,-7.7210792E-002, 3.6297343E+001
 7.9476062E+001, 1.8518243E+000, 1.6328200E-019, 1.6899936E-001, 7.5160583E+001, 2.5522352E-001, 0.0000000E+000,-1.4489642E-001,-7.7867205E-002, 3.6407672E+001
 7.9634850E+001, 1.8521275E+000, 1.6409751E-019, 1.5073929E-001, 7.1170776E+001, 2.3535414E-001, 0.0000000E+000,-1.3022343E-001,-7.8026096E-002, 3.6397029E+001
 7.9873033E+001, 1.8523749E+000, 1.6470368E-019, 1.2705124E-001, 6.6545431E+001, 2.0896112E-001, 0.0000000E+000,-1.1382451E-001,-7.7673635E-002, 3.6306801E+001
 8.0031821E+001, 1.8524485E+000, 1.6484136E-019, 1.2489156E-001, 6.7271832E+001, 2.0636507E-001, 0.0000000E+000,-1.1633612E-001,-7.7125115E-002, 3.6237444E+001
 8.0270004E+001, 1.8524824E+000, 1.6473654E-019, 1.3364127E-001, 6.8691520E+001, 2.1603554E-001, 0.0000000E+000,-1.2131521E-001,-7.7027093E-002, 3.6242453E+001
 8.0428793E+001, 1.8524122E+000, 1.6481169E-019, 1.3887643E-001, 6.9764846E+001, 2.2185772E-001, 0.0000000E+000,-1.2513089E-001,-7.7130231E-002, 3.6262552E+001
 8.0666976E+001, 1.8522567E+000, 1.6501862E-019, 1.4618467E-001, 7.1461300E+001, 2.2998850E-001, 0.0000000E+000,-1.3124372E-001,-7.7347477E-002, 3.6301789E+001
 8.0825764E+001, 1.8521198E+000, 1.6541426E-019, 1.5528208E-001, 7.2867015E+001, 2.4018309E-001, 0.0000000E+000,-1.3637009E-001,-7.7706493E-002, 3.6365673E+001
 8.1063947E+001, 1.8523850E+000, 1.6602654E-019, 1.5030903E-001, 7.1573140E+001, 2.3490764E-001, 0.0000000E+000,-1.3164482E-001,-7.7900213E-002, 3.6388625E+001
 8.1205613E+001, 1.8527415E+000, 1.6653877E-019, 1.3476252E-001, 6.8011731E+001, 2.1770806E-001, 0.0000000E+000,-1.1889971E-001,-7.7752063E-002, 3.6344986E+001
 8.1418113E+001, 1.8528366E+000, 1.6678959E-019, 1.3015651E-001, 6.8223629E+001, 2.1247113E-001, 0.0000000E+000,-1.1963657E-001,-7.7472929E-002, 3.6304930E+001
 8.1630613E+001, 1.8529409E+000, 1.6689116E-019, 1.4064836E-001, 7.0106349E+001, 2.2410950E-001, 0.0000000E+000,-1.2629836E-001,-7.7429284E-002, 3.6322540E+001
 8.1843112E+001, 1.8529713E+000, 1.6713349E-019, 1.4181738E-001, 7.0172779E+001, 2.2544228E-001, 0.0000000E+000,-1.2653230E-001,-7.7558224E-002, 3.6339320E+001
 8.2055612E+001, 1.8529371E+000, 1.6752996E-019, 1.4419298E-001, 7.0880347E+001, 2.2811824E-001, 0.0000000E+000,-1.2908059E-001,-7.7682616E-002, 3.6360301E+001
 8.2268111E+001, 1.8531953E+000, 1.6788471E-019, 1.6129987E-001, 7.4980321E+001, 2.4716911E-001, 0.0000000E+000,-1.4411124E-001,-7.7952329E-002, 3.6439687E+001
 8.2409778E+001, 1.8537567E+000, 1.6849489E-019, 1.7865341E-001, 7.6937464E+001, 2.6658609E-001, 0.0000000E+000,-1.5138863E-001,-7.8517439E-002, 3.6561777E+001
 8.2622277E+001, 1.8543567E+000, 1.6949139E-019, 1.5902135E-001, 7.3079383E+001, 2.4539354E-001, 0.0000000E+000,-1.3696501E-001,-7.8730953E-002, 3.6562750E+001
 8.2834777E+001, 1.8548102E+000, 1.7026747E-019, 1.4473728E-001, 7.0941773E+001, 2.2968271E-001, 0.0000000E+000,-1.2911818E-001,-7.8490737E-002, 3.6517280E+001
 8.3047276E+001, 1.8551614E+000, 1.7077962E-019, 1.5744324E-001, 7.3805985E+001, 2.4375159E-001, 0.0000000E+000,-1.3953811E-001,-7.8477387E-002, 3.6552428E+001
 8.3259776E+001, 1.8555115E+000, 1.7134113E-019, 1.5913112E-001, 7.3192917E+001, 2.4576500E-001, 0.0000000E+000,-1.3725245E-001,-7.8732718E-002, 3.6591912E+001
 8.3401442E+001, 1.8556118E+000, 1.7204031E-019, 1.4110627E-001, 6.9855637E+001, 2.2589526E-001, 0.0000000E+000,-1.2514496E-001,-7.8693179E-002, 3.6551038E+001
 8.3628109E+001, 1.8552543E+000, 1.7240941E-019, 1.3845981E-001, 6.9887220E+001, 2.2273269E-001, 0.0000000E+000,-1.2529900E-001,-7.8500483E-002, 3.6515888E+001
 8.3843967E+001, 1.8552156E+000, 1.7262913E-019, 1.6000192E-001, 7.5294501E+001, 2.4653030E-001, 0.0000000E+000,-1.4508848E-001,-7.8660815E-002, 3.6582767E+001
 8.4050881E+001, 1.8555998E+000, 1.7345437E-019, 1.8076643E-001, 7.8003248E+001, 2.6972157E-001, 0.0000000E+000,-1.5527014E-001,-7.9443830E-002, 3.6732225E+001
 8.4257794E+001, 1.8559232E+000, 1.7453973E-019, 1.7086828E-001, 7.5443445E+001, 2.5922590E-001, 0.0000000E+000,-1.4555527E-001,-7.9829054E-002, 3.6770896E+001
 8.4464708E+001, 1.8562663E+000, 1.7570629E-019, 1.5461871E-001, 7.2831678E+001, 2.4149257E-001, 0.0000000E+000,-1.3584149E-001,-7.9753575E-002, 3.6742678E+001
 8.4602650E+001, 1.8566721E+000, 1.7623005E-019, 1.4712525E-001, 7.1359725E+001, 2.3322504E-001, 0.0000000E+000,-1.3044177E-001,-7.9527901E-002, 3.6709321E+001
 8.4809563E+001, 1.8567000E+000, 1.7658820E-019, 1.3924107E-001, 6.9378427E+001, 2.2435994E-001, 0.0000000E+000,-1.2335336E-001,-7.9308538E-002, 3.6666402E+001
 8.5016477E+001, 1.8563102E+000, 1.7681501E-019, 1.1525249E-001, 6.4763809E+001, 1.9714307E-001, 0.0000000E+000,-1.0731843E-001,-7.8769251E-002, 3.6536450E+001
 8.5230287E+001, 1.8554519E+000, 1.7658694E-019, 1.1188133E-001, 6.4923074E+001, 1.9288216E-001, 0.0000000E+000,-1.0793559E-001,-7.8306389E-002, 3.6452126E+001
 8.5457892E+001, 1.8546275E+000, 1.7612791E-019, 1.2649935E-001, 6.7767698E+001, 2.0904618E-001, 0.0000000E+000,-1.1787556E-001,-7.8197171E-002, 3.6447662E+001
 8.5609629E+001, 1.8543115E+000, 1.7601703E-019, 1.4534030E-001, 7.1893816E+001, 2.3004591E-001, 0.0000000E+000,-1.3261938E-001,-7.8484215E-002, 3.6517775E+001
 8.5837233E+001, 1.8543757E+000, 1.7625338E-019, 1.6286140E-001, 7.4920719E+001, 2.4964011E-001, 0.0000000E+000,-1.4374229E-001,-7.9008565E-002, 3.6623712E+001
 8.6080012E+001, 1.8547584E+000, 1.7720250E-019, 1.5081336E-001, 7.1565883E+001, 2.3671465E-001, 0.0000000E+000,-1.3142668E-001,-7.9463517E-002, 3.6666333E+001
 8.6246922E+001, 1.8550145E+000, 1.7780844E-019, 1.2182774E-001, 6.5149505E+001, 2.0435829E-001, 0.0000000E+000,-1.0877072E-001,-7.9077632E-002, 3.6563829E+001
 8.6413832E+001, 1.8551058E+000, 1.7791103E-019, 1.0645595E-001, 6.2781234E+001, 1.8678582E-001, 0.0000000E+000,-1.0071794E-001,-7.8480584E-002, 3.6454912E+001
 8.6664197E+001, 1.8550309E+000, 1.7753507E-019, 1.1699995E-001, 6.6559571E+001, 1.9844812E-001, 0.0000000E+000,-1.1363232E-001,-7.8008779E-002, 3.6417239E+001
 8.6831107E+001, 1.8548253E+000, 1.7712487E-019, 1.3420754E-001, 6.8889569E+001, 2.1770359E-001, 0.0000000E+000,-1.2178545E-001,-7.8115731E-002, 3.6459512E+001
 8.7081473E+001, 1.8545599E+000, 1.7723544E-019, 1.3769542E-001, 6.9766438E+001, 2.2162685E-001, 0.0000000E+000,-1.2493127E-001,-7.8409193E-002, 3.6495140E+001
 8.7236232E+001, 1.8543654E+000, 1.7746872E-019, 1.4850668E-001, 7.2258033E+001, 2.3368326E-001, 0.0000000E+000,-1.3393408E-001,-7.8724575E-002, 3.6553996E+001
 8.7450146E+001, 1.8545267E+000, 1.7788921E-019, 1.6011357E-001, 7.4231642E+001, 2.4674484E-001, 0.0000000E+000,-1.4116447E-001,-7.9126689E-002, 3.6635436E+001
 8.7664059E+001, 1.8552301E+000, 1.7877064E-019, 1.4636987E-001, 7.0697909E+001, 2.3189500E-001, 0.0000000E+000,-1.2824989E-001,-7.9324632E-002, 3.6650303E+001
 8.7806668E+001, 1.8555685E+000, 1.7925411E-019, 1.2168948E-001, 6.5391726E+001, 2.0431222E-001, 0.0000000E+000,-1.0953026E-001,-7.8957665E-002, 3.6559010E+001
 8.8020581E+001, 1.8555148E+000, 1.7929956E-019, 1.2068069E-001, 6.7105664E+001, 2.0297075E-001, 0.0000000E+000,-1.1547823E-001,-7.8523435E-002, 3.6504169E+001
 8.8234495E+001, 1.8554362E+000, 1.7914753E-019, 1.4347723E-001, 7.1128931E+001, 2.2839042E-001, 0.0000000E+000,-1.2973379E-001,-7.8624087E-002, 3.6560161E+001
 8.8448408E+001, 1.8553416E+000, 1.7943628E-019, 1.4508548E-001, 7.0771437E+001, 2.3026788E-001, 0.0000000E+000,-1.2845264E-001,-7.8952487E-002, 3.6599120E+001
 8.8605278E+001, 1.8552373E+000, 1.7988077E-019, 1.3900300E-001, 7.0005547E+001, 2.2353547E-001, 0.0000000E+000,-1.2571334E-001,-7.9057459E-002, 3.6598696E+001
 8.8840583E+001, 1.8553186E+000, 1.8023013E-019, 1.4821144E-001, 7.2211408E+001, 2.3382642E-001, 0.0000000E+000,-1.3369425E-001,-7.9153592E-002, 3.6636867E+001
 8.9075887E+001, 1.8559167E+000, 1.8071708E-019, 1.6839965E-001, 7.5894529E+001, 2.5642413E-001, 0.0000000E+000,-1.4723910E-001,-7.9556714E-002, 3.6748901E+001
 8.9232757E+001, 1.8565080E+000, 1.8163706E-019, 1.6199320E-001, 7.3948112E+001, 2.4980843E-001, 0.0000000E+000,-1.3992609E-001,-7.9979989E-002, 3.6803201E+001
 8.9435985E+001, 1.8570497E+000, 1.8258276E-019, 1.5143106E-001, 7.2421184E+001, 2.3828880E-001, 0.0000000E+000,-1.3426042E-001,-7.9946710E-002, 3.6789785E+001
 8.9639213E+001, 1.8573377E+000, 1.8317657E-019, 1.4790209E-001, 7.1708270E+001, 2.3439321E-001, 0.0000000E+000,-1.3163844E-001,-7.9855316E-002, 3.6779238E+001
 8.9849216E+001, 1.8576630E+000, 1.8372889E-019, 1.4160762E-001, 7.0448311E+001, 2.2741164E-001, 0.0000000E+000,-1.2706721E-001,-7.9711011E-002, 3.6755028E+001
 9.0072766E+001, 1.8577074E+000, 1.8405272E-019, 1.3076737E-001, 6.7969168E+001, 2.1519191E-001, 0.0000000E+000,-1.1826758E-001,-7.9509977E-002, 3.6703512E+001
 9.0221800E+001, 1.8572162E+000, 1.8419041E-019, 1.2302570E-001, 6.7045693E+001, 2.0627846E-001, 0.0000000E+000,-1.1508099E-001,-7.9250955E-002, 3.6642440E+001
 9.0445351E+001, 1.8569834E+000, 1.8412924E-019, 1.3796501E-001, 7.0482258E+001, 2.2284311E-001, 0.0000000E+000,-1.2730951E-001,-7.9218795E-002, 3.6665602E+001
 9.0668902E+001, 1.8569966E+000, 1.8430328E-019, 1.6812529E-001, 7.6710174E+001, 2.5637625E-001, 0.0000000E+000,-1.5023118E-001,-7.9773590E-002, 3.6800624E+001
 9.0817936E+001, 1.8572995E+000, 1.8510991E-019, 1.8297759E-001, 7.8359391E+001, 2.7313281E-001, 0.0000000E+000,-1.5646913E-001,-8.0597628E-002, 3.6944207E+001
 9.1041487E+001, 1.8576971E+000, 1.8640657E-019, 1.6709836E-001, 7.5023403E+001, 2.5607912E-001, 0.0000000E+000,-1.4384487E-001,-8.0977153E-002, 3.6971899E+001
 9.1272489E+001, 1.8581130E+000, 1.8747549E-019, 1.3557427E-001, 6.8293846E+001, 2.2121577E-001, 0.0000000E+000,-1.1939688E-001,-8.0646735E-002, 3.6876174E+001
 9.1436427E+001, 1.8582892E+000, 1.8785075E-019, 1.2139716E-001, 6.7194565E+001, 2.0509311E-001, 0.0000000E+000,-1.1549776E-001,-7.9952341E-002, 3.6763815E+001
 9.1600364E+001, 1.8583314E+000, 1.8772495E-019, 1.3057042E-001, 6.8829877E+001, 2.1524576E-001, 0.0000000E+000,-1.2123438E-001,-7.9671267E-002, 3.6749752E+001
 9.1846270E+001, 1.8580778E+000, 1.8770050E-019, 1.3556127E-001, 6.9446907E+001, 2.2070959E-001, 0.0000000E+000,-1.2344610E-001,-7.9712416E-002, 3.6756888E+001
 9.2010207E+001, 1.8576026E+000, 1.8785315E-019, 1.3036368E-001, 6.8085426E+001, 2.1477861E-001, 0.0000000E+000,-1.1868102E-001,-7.9752283E-002, 3.6737298E+001
 9.2256113E+001, 1.8570779E+000, 1.8796541E-019, 1.2760335E-001, 6.8223485E+001, 2.1152523E-001, 0.0000000E+000,-1.1922260E-001,-7.9685076E-002, 3.6712199E+001
 9.2409592E+001, 1.8567253E+000, 1.8798041E-019, 1.4662527E-001, 7.2656297E+001, 2.3269503E-001, 0.0000000E+000,-1.3517191E-001,-7.9804392E-002, 3.6765832E+001
 9.2624123E+001, 1.8571340E+000, 1.8837775E-019, 1.6763829E-001, 7.5850706E+001, 2.5623423E-001, 0.0000000E+000,-1.4695475E-001,-8.0369982E-002, 3.6891552E+001
 9.2838655E+001, 1.8577424E+000, 1.8924286E-019, 1.5030644E-001, 7.0746138E+001, 2.3744720E-001, 0.0000000E+000,-1.2821487E-001,-8.0647745E-002, 3.6902346E+001
 9.3053186E+001, 1.8577843E+000, 1.8996051E-019, 1.1228540E-001, 6.4518537E+001, 1.9472626E-001, 0.0000000E+000,-1.0632928E-001,-7.9997370E-002, 3.6745615E+001
 9.3267717E+001, 1.8576987E+000, 1.8972801E-019, 1.2176526E-001, 6.7918290E+001, 2.0511405E-001, 0.0000000E+000,-1.1811889E-001,-7.9513603E-002, 3.6703935E+001
 9.3417889E+001, 1.8578112E+000, 1.8946705E-019, 1.4673007E-001, 7.1970353E+001, 2.3302420E-001, 0.0000000E+000,-1.3254553E-001,-7.9676726E-002, 3.6774824E+001
 9.3653873E+001, 1.8576694E+000, 1.8980274E-019, 1.4526519E-001, 7.1105653E+001, 2.3154615E-001, 0.0000000E+000,-1.2943176E-001,-8.0072200E-002, 3.6816041E+001
 9.3811196E+001, 1.8574874E+000, 1.9025376E-019, 1.3910914E-001, 7.0039640E+001, 2.2475460E-001, 0.0000000E+000,-1.2561586E-001,-8.0183935E-002, 3.6813351E+001
 9.4047181E+001, 1.8574787E+000, 1.9058297E-019, 1.4516262E-001, 7.2008657E+001, 2.3150578E-001, 0.0000000E+000,-1.3273573E-001,-8.0252079E-002, 3.6837538E+001
 9.4204504E+001, 1.8576835E+000, 1.9098951E-019, 1.6156656E-001, 7.4847118E+001, 2.4982740E-001, 0.0000000E+000,-1.4314535E-001,-8.0582817E-002, 3.6922472E+001
 9.4431057E+001, 1.8583627E+000, 1.9177351E-019, 1.5741819E-001, 7.3284682E+001, 2.4557777E-001, 0.0000000E+000,-1.3731600E-001,-8.0865577E-002, 3.6964288E+001
 9.4638746E+001, 1.8586898E+000, 1.9259637E-019, 1.4353070E-001, 7.0965847E+001, 2.3028077E-001, 0.0000000E+000,-1.2882288E-001,-8.0822755E-002, 3.6936368E+001
 9.4846436E+001, 1.8588194E+000, 1.9312316E-019, 1.4178897E-001, 7.0842995E+001, 2.2829398E-001, 0.0000000E+000,-1.2836742E-001,-8.0688991E-002, 3.6920350E+001
 9.5054126E+001, 1.8588865E+000, 1.9344327E-019, 1.4072743E-001, 7.0416018E+001, 2.2711356E-001, 0.0000000E+000,-1.2682828E-001,-8.0640660E-002, 3.6914102E+001
 9.5275662E+001, 1.8588173E+000, 1.9380816E-019, 1.3090900E-001, 6.8389698E+001, 2.1604299E-001, 0.0000000E+000,-1.1963872E-001,-8.0495793E-002, 3.6872083E+001
 9.5427968E+001, 1.8584318E+000, 1.9392564E-019, 1.2473850E-001, 6.7268842E+001, 2.0893701E-001, 0.0000000E+000,-1.1573997E-001,-8.0319959E-002, 3.6827272E+001
 9.5656427E+001, 1.8582807E+000, 1.9389823E-019, 1.3418634E-001, 7.0297410E+001, 2.1943944E-001, 0.0000000E+000,-1.2650650E-001,-8.0224458E-002, 3.6834679E+001
 9.5808733E+001, 1.8583136E+000, 1.9396707E-019, 1.6009088E-001, 7.4870575E+001, 2.4832974E-001, 0.0000000E+000,-1.4317594E-001,-8.0593772E-002, 3.6938567E+001
 9.6021586E+001, 1.8585431E+000, 1.9466846E-019, 1.6599762E-001, 7.5231285E+001, 2.5517854E-001, 0.0000000E+000,-1.4450388E-001,-8.1203787E-002, 3.7032214E+001
 9.6226636E+001, 1.8588814E+000, 1.9562279E-019, 1.4918806E-001, 7.1601792E+001, 2.3680340E-001, 0.0000000E+000,-1.3111285E-001,-8.1346031E-002, 3.7023162E+001
 9.6431686E+001, 1.8591232E+000, 1.9632551E-019, 1.3636506E-001, 6.9720383E+001, 2.2254445E-001, 0.0000000E+000,-1.2431791E-001,-8.1053874E-002, 3.6971131E+001
 9.6636736E+001, 1.8593148E+000, 1.9655079E-019, 1.3443023E-001, 6.9462487E+001, 2.2028923E-001, 0.0000000E+000,-1.2338018E-001,-8.0838212E-002, 3.6943452E+001
 9.6841786E+001, 1.8592898E+000, 1.9673982E-019, 1.3455003E-001, 6.9418335E+001, 2.2032415E-001, 0.0000000E+000,-1.2322571E-001,-8.0742771E-002, 3.6927494E+001
 9.7060506E+001, 1.8589727E+000, 1.9690024E-019, 1.3521099E-001, 6.9769771E+001, 2.2095663E-001, 0.0000000E+000,-1.2450964E-001,-8.0758298E-002, 3.6922114E+001
 9.7210875E+001, 1.8587509E+000, 1.9707322E-019, 1.4203157E-001, 7.1269354E+001, 2.2854846E-001, 0.0000000E+000,-1.2991386E-001,-8.0857324E-002, 3.6944796E+001
 9.7436430E+001, 1.8588049E+000, 1.9742422E-019, 1.5009863E-001, 7.2597419E+001, 2.3764298E-001, 0.0000000E+000,-1.3473241E-001,-8.1102452E-002, 3.6995746E+001
 9.7661985E+001, 1.8591145E+000, 1.9797422E-019, 1.4588757E-001, 7.1190641E+001, 2.3312198E-001, 0.0000000E+000,-1.2960155E-001,-8.1245709E-002, 3.7012156E+001
 9.7812355E+001, 1.8592904E+000, 1.9851076E-019, 1.3476994E-001, 6.9478366E+001, 2.2075442E-001, 0.0000000E+000,-1.2343910E-001,-8.1149652E-002, 3.6981243E+001
 9.8037910E+001, 1.8593511E+000, 1.9876939E-019, 1.3549761E-001, 6.9804818E+001, 2.2152391E-001, 0.0000000E+000,-1.2459730E-001,-8.0998413E-002, 3.6967016E+001
 9.8247982E+001, 1.8594461E+000, 1.9896114E-019, 1.3892367E-001, 7.0378161E+001, 2.2536517E-001, 0.0000000E+000,-1.2663666E-001,-8.0994181E-002, 3.6974937E+001
 9.8450312E+001, 1.8594398E+000, 1.9930280E-019, 1.3863366E-001, 7.0291675E+001, 2.2505293E-001, 0.0000000E+000,-1.2632740E-001,-8.1048390E-002, 3.6979949E+001
 9.8652642E+001, 1.8593608E+000, 1.9957385E-019, 1.4043173E-001, 7.0843197E+001, 2.2704265E-001, 0.0000000E+000,-1.2831698E-001,-8.1111320E-002, 3.6989964E+001
 9.8854973E+001, 1.8594241E+000, 1.9996734E-019, 1.4626659E-001, 7.1809523E+001, 2.3363817E-001, 0.0000000E+000,-1.3180205E-001,-8.1264701E-002, 3.7024400E+001
 9.9057303E+001, 1.8596523E+000, 2.0039075E-019, 1.4358306E-001, 7.1053086E+001, 2.3074307E-001, 0.0000000E+000,-1.2904472E-001,-8.1339915E-002, 3.7034002E+001
 9.9259633E+001, 1.8598184E+000, 2.0087963E-019, 1.3879083E-001, 7.0309484E+001, 2.2544996E-001, 0.0000000E+000,-1.2635437E-001,-8.1296471E-002, 3.7023851E+001
 9.9408008E+001, 1.8599149E+000, 2.0113254E-019, 1.4300776E-001, 7.1527392E+001, 2.3016168E-001, 0.0000000E+000,-1.3073404E-001,-8.1308146E-002, 3.7037352E+001
 9.9630572E+001, 1.8600147E+000, 2.0143798E-019, 1.4561100E-001, 7.1567359E+001, 2.3310227E-001, 0.0000000E+000,-1.3086907E-001,-8.1420847E-002, 3.7058760E+001
 9.9853135E+001, 1.8600988E+000, 2.0200561E-019, 1.3968686E-001, 7.0534582E+001, 2.2657008E-001, 0.0000000E+000,-1.2713419E-001,-8.1447810E-002, 3.7052215E+001
 1.0000151E+002, 1.8601034E+000, 2.0231674E-019, 1.4231471E-001, 7.1199371E+001, 2.2948193E-001, 0.0000000E+000,-1.2952895E-001,-8.1457934E-002, 3.7060790E+001
 1.0022407E+002, 1.8601808E+000, 2.0263084E-019, 1.4913521E-001, 7.2571027E+001, 2.3712644E-001, 0.0000000E+000,-1.3450188E-001,-8.1582527E-002, 3.7094119E+001
 1.0044664E+002, 1.8604142E+000, 2.0327600E-019, 1.4101387E-001, 7.0497463E+001, 2.2820899E-001, 0.0000000E+000,-1.2698117E-001,-8.1676258E-002, 3.7093698E+001
 1.0066920E+002, 1.8604580E+000, 2.0369411E-019, 1.3355874E-001, 6.9424539E+001, 2.1984136E-001, 0.0000000E+000,-1.2313452E-001,-8.1509149E-002, 3.7059123E+001
 1.0081758E+002, 1.8604225E+000, 2.0387778E-019, 1.3932599E-001, 7.0962922E+001, 2.2624652E-001, 0.0000000E+000,-1.2864648E-001,-8.1448469E-002, 3.7063920E+001
 1.0104014E+002, 1.8604740E+000, 2.0415178E-019, 1.4303418E-001, 7.1038368E+001, 2.3044540E-001, 0.0000000E+000,-1.2891543E-001,-8.1580383E-002, 3.7088457E+001
 1.0126270E+002, 1.8603976E+000, 2.0454501E-019, 1.2960109E-001, 6.8083405E+001, 2.1540240E-001, 0.0000000E+000,-1.1840687E-001,-8.1520406E-002, 3.7049397E+001
 1.0141108E+002, 1.8602345E+000, 2.0471643E-019, 1.2663775E-001, 6.8433987E+001, 2.1193851E-001, 0.0000000E+000,-1.1965239E-001,-8.1284254E-002, 3.7011500E+001
 1.0163364E+002, 1.8601578E+000, 2.0471560E-019, 1.4173184E-001, 7.1404215E+001, 2.2878262E-001, 0.0000000E+000,-1.3027703E-001,-8.1388186E-002, 3.7054391E+001
 1.0185620E+002, 1.8602759E+000, 2.0501274E-019, 1.4792954E-001, 7.1857319E+001, 2.3583922E-001, 0.0000000E+000,-1.3190219E-001,-8.1683265E-002, 3.7106100E+001
 1.0200458E+002, 1.8603706E+000, 2.0556417E-019, 1.3584310E-001, 6.9547389E+001, 2.2248380E-001, 0.0000000E+000,-1.2358087E-001,-8.1744479E-002, 3.7090872E+001
 1.0222714E+002, 1.8603156E+000, 2.0588991E-019, 1.3294122E-001, 6.9328556E+001, 2.1912915E-001, 0.0000000E+000,-1.2280700E-001,-8.1603834E-002, 3.7068127E+001
 1.0244971E+002, 1.8603732E+000, 2.0605501E-019, 1.3665517E-001, 7.0163094E+001, 2.2328200E-001, 0.0000000E+000,-1.2577638E-001,-8.1553763E-002, 3.7071866E+001
 1.0267227E+002, 1.8605201E+000, 2.0634654E-019, 1.3582913E-001, 6.9705286E+001, 2.2241485E-001, 0.0000000E+000,-1.2412855E-001,-8.1560260E-002, 3.7074409E+001
 1.0282064E+002, 1.8604475E+000, 2.0657036E-019, 1.3333936E-001, 6.9307069E+001, 2.1957167E-001, 0.0000000E+000,-1.2271756E-001,-8.1545737E-002, 3.7064660E+001
 1.0304321E+002, 1.8604279E+000, 2.0673779E-019, 1.3607115E-001, 7.0082857E+001, 2.2263036E-001, 0.0000000E+000,-1.2548500E-001,-8.1543317E-002, 3.7070181E+001
 1.0326577E+002, 1.8604701E+000, 2.0703510E-019, 1.3873743E-001, 7.0383851E+001, 2.2566080E-001, 0.0000000E+000,-1.2655801E-001,-8.1635853E-002, 3.7088547E+001
 1.0341415E+002, 1.8605091E+000, 2.0731163E-019, 1.3245598E-001, 6.8817707E+001, 2.1865458E-001, 0.0000000E+000,-1.2098133E-001,-8.1614484E-002, 3.7073129E+001
 1.0365155E+002, 1.8604830E+000, 2.0750553E-019, 1.2622539E-001, 6.7876278E+001, 2.1160694E-001, 0.0000000E+000,-1.1766566E-001,-8.1459374E-002, 3.7039775E+001
 1.0386308E+002, 1.8604196E+000, 2.0755003E-019, 1.3416000E-001, 6.9787034E+001, 2.2040526E-001, 0.0000000E+000,-1.2443403E-001,-8.1394967E-002, 3.7047417E+001
 1.0400410E+002, 1.8604423E+000, 2.0766847E-019, 1.3854581E-001, 7.0375809E+001, 2.2536974E-001, 0.0000000E+000,-1.2653151E-001,-8.1517859E-002, 3.7071561E+001
 1.0421563E+002, 1.8604634E+000, 2.0791876E-019, 1.3238934E-001, 6.8610182E+001, 2.1851585E-001, 0.0000000E+000,-1.2025787E-001,-8.1553081E-002, 3.7062651E+001
 1.0442716E+002, 1.8603005E+000, 2.0814175E-019, 1.2498711E-001, 6.7865956E+001, 2.1010031E-001, 0.0000000E+000,-1.1764842E-001,-8.1370463E-002, 3.7022715E+001
 1.0463869E+002, 1.8602605E+000, 2.0813716E-019, 1.3119502E-001, 6.9121486E+001, 2.1703148E-001, 0.0000000E+000,-1.2207822E-001,-8.1323504E-002, 3.7029515E+001
 1.0485727E+002, 1.8604069E+000, 2.0827683E-019, 1.3315461E-001, 6.9242273E+001, 2.1927004E-001, 0.0000000E+000,-1.2249185E-001,-8.1381898E-002, 3.7042363E+001
 1.0501239E+002, 1.8604255E+000, 2.0844380E-019, 1.3136695E-001, 6.8874715E+001, 2.1728663E-001, 0.0000000E+000,-1.2118707E-001,-8.1389736E-002, 3.7039617E+001
 1.0524508E+002, 1.8604055E+000, 2.0859587E-019, 1.3316206E-001, 6.9568000E+001, 2.1928232E-001, 0.0000000E+000,-1.2365237E-001,-8.1402869E-002, 3.7045049E+001
 1.0540020E+002, 1.8604879E+000, 2.0878485E-019, 1.3991562E-001, 7.0634600E+001, 2.2689878E-001, 0.0000000E+000,-1.2745542E-001,-8.1510069E-002, 3.7075251E+001
 1.0563288E+002, 1.8606259E+000, 2.0912779E-019, 1.3543261E-001, 6.9503074E+001, 2.2197887E-001, 0.0000000E+000,-1.2340466E-001,-8.1589317E-002, 3.7078181E+001
 1.0586557E+002, 1.8607296E+000, 2.0943600E-019, 1.2846328E-001, 6.8368374E+001, 2.1416610E-001, 0.0000000E+000,-1.1937226E-001,-8.1467381E-002, 3.7050799E+001
 1.0602069E+002, 1.8607544E+000, 2.0955375E-019, 1.3523358E-001, 7.0189411E+001, 2.2173400E-001, 0.0000000E+000,-1.2583697E-001,-8.1427600E-002, 3.7061722E+001
 1.0625337E+002, 1.8609047E+000, 2.0978421E-019, 1.4423358E-001, 7.1568622E+001, 2.3185126E-001, 0.0000000E+000,-1.3078454E-001,-8.1649066E-002, 3.7111372E+001
 1.0640850E+002, 1.8611719E+000, 2.1019082E-019, 1.4398693E-001, 7.1358132E+001, 2.3173163E-001, 0.0000000E+000,-1.2999674E-001,-8.1815466E-002, 3.7137226E+001
 1.0664118E+002, 1.8613099E+000, 2.1065739E-019, 1.4080779E-001, 7.0749261E+001, 2.2825355E-001, 0.0000000E+000,-1.2778768E-001,-8.1894839E-002, 3.7143597E+001
 1.0687386E+002, 1.8615127E+000, 2.1121416E-019, 1.3923472E-001, 7.0564668E+001, 2.2656784E-001, 0.0000000E+000,-1.2710446E-001,-8.1901275E-002, 3.7147295E+001
 1.0702899E+002, 1.8616649E+000, 2.1154958E-019, 1.3619823E-001, 6.9793117E+001, 2.2319778E-001, 0.0000000E+000,-1.2432960E-001,-8.1867346E-002, 3.7140599E+001
 1.0726167E+002, 1.8617506E+000, 2.1183370E-019, 1.3260558E-001, 6.9308109E+001, 2.1916073E-001, 0.0000000E+000,-1.2259477E-001,-8.1783362E-002, 3.7124660E+001
 1.0741679E+002, 1.8617513E+000, 2.1205223E-019, 1.3784680E-001, 7.0824829E+001, 2.2501937E-001, 0.0000000E+000,-1.2802092E-001,-8.1770625E-002, 3.7134980E+001
 1.0764948E+002, 1.8618678E+000, 2.1237732E-019, 1.5073859E-001, 7.3073786E+001, 2.3946759E-001, 0.0000000E+000,-1.3618064E-001,-8.2058657E-002, 3.7201197E+001
 1.0780460E+002, 1.8621536E+000, 2.1291640E-019, 1.5069542E-001, 7.2695977E+001, 2.3960858E-001, 0.0000000E+000,-1.3476858E-001,-8.2302769E-002, 3.7237969E+001
 1.0803728E+002, 1.8622919E+000, 2.1355266E-019, 1.4264421E-001, 7.0895483E+001, 2.3075511E-001, 0.0000000E+000,-1.2821989E-001,-8.2369101E-002, 3.7233309E+001
 1.0824482E+002, 1.8624558E+000, 2.1418931E-019, 1.3817172E-001, 7.0461953E+001, 2.2578206E-001, 0.0000000E+000,-1.2664387E-001,-8.2256614E-002, 3.7216374E+001
 1.0845236E+002, 1.8626081E+000, 2.1450716E-019, 1.3916647E-001, 7.0660613E+001, 2.2689969E-001, 0.0000000E+000,-1.2734224E-001,-8.2218087E-002, 3.7217398E+001
 1.0865989E+002, 1.8626723E+000, 2.1491043E-019, 1.4031514E-001, 7.0932110E+001, 2.2818726E-001, 0.0000000E+000,-1.2831358E-001,-8.2260694E-002, 3.7225738E+001
 1.0886743E+002, 1.8626756E+000, 2.1526539E-019, 1.4584744E-001, 7.2328561E+001, 2.3438396E-001, 0.0000000E+000,-1.3337768E-001,-8.2394026E-002, 3.7253818E+001
 1.0900579E+002, 1.8628074E+000, 2.1572278E-019, 1.5473909E-001, 7.3840763E+001, 2.4440338E-001, 0.0000000E+000,-1.3891093E-001,-8.2639800E-002, 3.7307275E+001
 1.0921332E+002, 1.8630648E+000, 2.1639971E-019, 1.5368984E-001, 7.3368764E+001, 2.4341594E-001, 0.0000000E+000,-1.3714824E-001,-8.2869306E-002, 3.7340997E+001
 1.0942086E+002, 1.8633790E+000, 2.1711423E-019, 1.4538465E-001, 7.1571657E+001, 2.3431816E-001, 0.0000000E+000,-1.3055693E-001,-8.2886309E-002, 3.7334717E+001
 1.0962840E+002, 1.8635462E+000, 2.1774903E-019, 1.3973737E-001, 7.0847461E+001, 2.2799742E-001, 0.0000000E+000,-1.2792284E-001,-8.2760986E-002, 3.7313258E+001
 1.0983593E+002, 1.8636171E+000, 2.1809221E-019, 1.4082903E-001, 7.1123470E+001, 2.2918586E-001, 0.0000000E+000,-1.2891063E-001,-8.2725232E-002, 3.7312073E+001
 1.1004347E+002, 1.8635680E+000, 2.1853129E-019, 1.4197136E-001, 7.1292484E+001, 2.3046209E-001, 0.0000000E+000,-1.2952569E-001,-8.2782094E-002, 3.7319858E+001
 1.1025101E+002, 1.8634571E+000, 2.1891744E-019, 1.4483155E-001, 7.2070132E+001, 2.3367337E-001, 0.0000000E+000,-1.3235819E-001,-8.2885204E-002, 3.7337020E+001
 1.1045854E+002, 1.8634834E+000, 2.1949753E-019, 1.5046914E-001, 7.2992321E+001, 2.4001110E-001, 0.0000000E+000,-1.3572172E-001,-8.3099243E-002, 3.7378138E+001
 1.1066608E+002, 1.8636790E+000, 2.2008749E-019, 1.4707380E-001, 7.1992478E+001, 2.3637124E-001, 0.0000000E+000,-1.3205634E-001,-8.3203613E-002, 3.7389685E+001
 1.1080444E+002, 1.8638208E+000, 2.2064899E-019, 1.3993079E-001, 7.0797015E+001, 2.2843698E-001, 0.0000000E+000,-1.2771494E-001,-8.3153717E-002, 3.7373725E+001
 1.1101889E+002, 1.8638857E+000, 2.2101984E-019, 1.3681241E-001, 7.0295751E+001, 2.2492807E-001, 0.0000000E+000,-1.2590871E-001,-8.3035957E-002, 3.7354567E+001
 1.1124718E+002, 1.8638715E+000, 2.2128151E-019, 1.3655488E-001, 7.0280271E+001, 2.2459301E-001, 0.0000000E+000,-1.2585460E-001,-8.2969473E-002, 3.7344920E+001
 1.1145109E+002, 1.8637906E+000, 2.2160648E-019, 1.3741474E-001, 7.0460220E+001, 2.2550682E-001, 0.0000000E+000,-1.2650785E-001,-8.2966544E-002, 3.7343734E+001
 1.1165501E+002, 1.8636354E+000, 2.2187370E-019, 1.4554151E-001, 7.2643721E+001, 2.3455118E-001, 0.0000000E+000,-1.3444520E-001,-8.3100234E-002, 3.7374642E+001
 1.1187251E+002, 1.8637636E+000, 2.2245578E-019, 1.5664238E-001, 7.4187065E+001, 2.4709663E-001, 0.0000000E+000,-1.4010053E-001,-8.3492439E-002, 3.7451770E+001
 1.1202205E+002, 1.8640484E+000, 2.2311780E-019, 1.5009747E-001, 7.2543371E+001, 2.4001612E-001, 0.0000000E+000,-1.3402476E-001,-8.3634859E-002, 3.7463962E+001
 1.1224635E+002, 1.8641727E+000, 2.2375679E-019, 1.4432869E-001, 7.1855526E+001, 2.3365666E-001, 0.0000000E+000,-1.3150654E-001,-8.3618226E-002, 3.7455359E+001
 1.1247066E+002, 1.8643685E+000, 2.2441161E-019, 1.4738437E-001, 7.2523758E+001, 2.3709768E-001, 0.0000000E+000,-1.3392182E-001,-8.3627030E-002, 3.7470639E+001
 1.1262019E+002, 1.8644891E+000, 2.2487874E-019, 1.4125167E-001, 7.0818418E+001, 2.3030014E-001, 0.0000000E+000,-1.2772855E-001,-8.3622303E-002, 3.7459224E+001
 1.1284450E+002, 1.8644792E+000, 2.2527621E-019, 1.3564048E-001, 7.0189880E+001, 2.2398564E-001, 0.0000000E+000,-1.2547210E-001,-8.3510366E-002, 3.7433664E+001
 1.1306880E+002, 1.8643371E+000, 2.2561431E-019, 1.4588399E-001, 7.2584861E+001, 2.3538106E-001, 0.0000000E+000,-1.3416002E-001,-8.3554331E-002, 3.7459476E+001
 1.1321833E+002, 1.8643073E+000, 2.2599293E-019, 1.5150438E-001, 7.3316300E+001, 2.4170827E-001, 0.0000000E+000,-1.3683377E-001,-8.3789903E-002, 3.7500743E+001
 1.1344264E+002, 1.8643839E+000, 2.2656866E-019, 1.4083458E-001, 7.0487582E+001, 2.2988949E-001, 0.0000000E+000,-1.2656102E-001,-8.3848494E-002, 3.7486951E+001
 1.1366694E+002, 1.8642588E+000, 2.2710761E-019, 1.3203814E-001, 6.9544651E+001, 2.1996802E-001, 0.0000000E+000,-1.2319092E-001,-8.3622078E-002, 3.7439923E+001
 1.1381648E+002, 1.8641944E+000, 2.2723015E-019, 1.3485333E-001, 7.0213456E+001, 2.2304502E-001, 0.0000000E+000,-1.2558405E-001,-8.3532687E-002, 3.7434023E+001
 1.1404078E+002, 1.8642100E+000, 2.2737750E-019, 1.3465368E-001, 6.9796145E+001, 2.2281237E-001, 0.0000000E+000,-1.2409284E-001,-8.3506021E-002, 3.7429923E+001
 1.1426509E+002, 1.8640995E+000, 2.2762267E-019, 1.3089509E-001, 6.9265254E+001, 2.1851661E-001, 0.0000000E+000,-1.2221346E-001,-8.3422613E-002, 3.7408571E+001
 1.1442210E+002, 1.8640050E+000, 2.2772840E-019, 1.3776908E-001, 7.0879617E+001, 2.2620897E-001, 0.0000000E+000,-1.2800102E-001,-8.3448847E-002, 3.7425241E+001
 1.1464907E+002, 1.8640548E+000, 2.2792089E-019, 1.4857918E-001, 7.2950043E+001, 2.3835418E-001, 0.0000000E+000,-1.3551193E-001,-8.3657105E-002, 3.7476090E+001
 1.1486616E+002, 1.8642698E+000, 2.2862699E-019, 1.3941977E-001, 7.0554435E+001, 2.2829004E-001, 0.0000000E+000,-1.2681878E-001,-8.3852271E-002, 3.7484718E+001
 1.1501088E+002, 1.8643502E+000, 2.2902398E-019, 1.2834106E-001, 6.8334001E+001, 2.1583385E-001, 0.0000000E+000,-1.1889644E-001,-8.3648204E-002, 3.7439818E+001
 1.1522797E+002, 1.8643276E+000, 2.2912547E-019, 1.3026381E-001, 6.9492078E+001, 2.1792098E-001, 0.0000000E+000,-1.2300065E-001,-8.3482084E-002, 3.7423193E+001
 1.1544506E+002, 1.8643894E+000, 2.2921761E-019, 1.3600534E-001, 7.0231574E+001, 2.2434396E-001, 0.0000000E+000,-1.2562999E-001,-8.3492109E-002, 3.7436191E+001
 1.1566215E+002, 1.8643654E+000, 2.2944543E-019, 1.3338299E-001, 6.9660505E+001, 2.2142222E-001, 0.0000000E+000,-1.2359276E-001,-8.3515770E-002, 3.7431994E+001
 1.1582134E+002, 1.8641970E+000, 2.2965226E-019, 1.3415953E-001, 7.0223355E+001, 2.2223696E-001, 0.0000000E+000,-1.2562083E-001,-8.3532766E-002, 3.7431669E+001
 1.1603559E+002, 1.8642291E+000, 2.2988136E-019, 1.4336001E-001, 7.1881749E+001, 2.3258778E-001, 0.0000000E+000,-1.3159744E-001,-8.3681083E-002, 3.7471653E+001
 1.1624983E+002, 1.8643861E+000, 2.3029747E-019, 1.4178696E-001, 7.0976463E+001, 2.3092352E-001, 0.0000000E+000,-1.2831329E-001,-8.3829757E-002, 3.7490099E+001
 1.1646408E+002, 1.8644643E+000, 2.3080545E-019, 1.2885048E-001, 6.8769458E+001, 2.1641849E-001, 0.0000000E+000,-1.2042194E-001,-8.3683250E-002, 3.7447487E+001
 1.1660691E+002, 1.8644707E+000, 2.3091863E-019, 1.3236157E-001, 6.9843296E+001, 2.2030798E-001, 0.0000000E+000,-1.2423571E-001,-8.3572507E-002, 3.7442416E+001
 1.1682115E+002, 1.8645076E+000, 2.3101155E-019, 1.3809034E-001, 7.0834207E+001, 2.2673818E-001, 0.0000000E+000,-1.2778152E-001,-8.3620007E-002, 3.7460740E+001
 1.1703539E+002, 1.8645619E+000, 2.3136123E-019, 1.3374319E-001, 6.9586710E+001, 2.2192087E-001, 0.0000000E+000,-1.2331884E-001,-8.3676306E-002, 3.7459023E+001
 1.1727106E+002, 1.8645022E+000, 2.3159815E-019, 1.2910250E-001, 6.9145160E+001, 2.1664229E-001, 0.0000000E+000,-1.2175226E-001,-8.3560199E-002, 3.7433687E+001
 1.1742818E+002, 1.8644419E+000, 2.3167876E-019, 1.3985964E-001, 7.1476539E+001, 2.2867319E-001, 0.0000000E+000,-1.3010943E-001,-8.3598900E-002, 3.7461569E+001
 1.1763849E+002, 1.8646761E+000, 2.3200144E-019, 1.4578657E-001, 7.2171717E+001, 2.3546733E-001, 0.0000000E+000,-1.3260738E-001,-8.3824447E-002, 3.7507394E+001
 1.1784880E+002, 1.8649318E+000, 2.3252062E-019, 1.3848771E-001, 7.0434772E+001, 2.2744180E-001, 0.0000000E+000,-1.2630929E-001,-8.3899633E-002, 3.7506723E+001
 1.1805911E+002, 1.8650140E+000, 2.3298728E-019, 1.3591339E-001, 7.0383585E+001, 2.2455267E-001, 0.0000000E+000,-1.2611440E-001,-8.3820918E-002, 3.7495575E+001
 1.1826943E+002, 1.8651604E+000, 2.3323742E-019, 1.3939519E-001, 7.1055776E+001, 2.2846619E-001, 0.0000000E+000,-1.2851604E-001,-8.3837334E-002, 3.7508548E+001
 1.1840964E+002, 1.8653843E+000, 2.3356589E-019, 1.3716089E-001, 7.0267342E+001, 2.2603807E-001, 0.0000000E+000,-1.2566220E-001,-8.3862620E-002, 3.7510289E+001
 1.1862696E+002, 1.8653558E+000, 2.3387382E-019, 1.3215001E-001, 6.9545894E+001, 2.2041141E-001, 0.0000000E+000,-1.2308835E-001,-8.3789377E-002, 3.7490242E+001
 1.1885830E+002, 1.8653486E+000, 2.3405763E-019, 1.4039645E-001, 7.1920897E+001, 2.2961524E-001, 0.0000000E+000,-1.3165249E-001,-8.3818959E-002, 3.7512365E+001
 1.1901253E+002, 1.8655015E+000, 2.3437942E-019, 1.5636028E-001, 7.4036893E+001, 2.4752106E-001, 0.0000000E+000,-1.3937377E-001,-8.4146441E-002, 3.7591719E+001
 1.1924388E+002, 1.8656900E+000, 2.3514021E-019, 1.4209552E-001, 7.1093460E+001, 2.3181290E-001, 0.0000000E+000,-1.2862542E-001,-8.4313545E-002, 3.7585555E+001
 1.1947522E+002, 1.8657671E+000, 2.3572325E-019, 1.3091490E-001, 6.9419503E+001, 2.1927992E-001, 0.0000000E+000,-1.2260230E-001,-8.4095591E-002, 3.7538462E+001
 1.1962945E+002, 1.8657658E+000, 2.3589681E-019, 1.3950188E-001, 7.1463038E+001, 2.2879495E-001, 0.0000000E+000,-1.2993090E-001,-8.4012894E-002, 3.7548245E+001
 1.1986080E+002, 1.8659677E+000, 2.3620627E-019, 1.4259854E-001, 7.1512107E+001, 2.3236697E-001, 0.0000000E+000,-1.3009019E-001,-8.4152630E-002, 3.7575190E+001
 1.2000000E+002, 1.8660247E+000, 2.3660226E-019, 1.3499146E-001, 6.9660705E+001, 2.2388644E-001, 0.0000000E+000,-1.2343249E-001,-8.4158829E-002, 3.7559938E+001
